{
	"c_cpp.capabilities.untrustedWorkspaces.description": "Birden çok ayar, çalışma alanına yerel işlemlerin yürütülmesine neden olabilir, örneğin, C_Cpp.clang_format_path, C_Cpp.codeAnalysis.clangTidy.path, C_Cpp.addNodeAddonIncludePaths, C_Cpp.default.compilerPath, C_Cpp.default.configurationProvider ve C_Cpp.default.compileCommands ve c_cpp_properties.json içindeki eşdeğer özellikler.",
	"c_cpp.command.configurationSelect.title": "Yapılandırma Seçin...",
	"c_cpp.command.configurationProviderSelect.title": "Yapılandırma Sağlayıcısını Değiştir...",
	"c_cpp.command.configurationEditJSON.title": "Yapılandırmaları Düzenle (JSON)",
	"c_cpp.command.configurationEditUI.title": "Yapılandırmaları Düzenle (UI)",
	"c_cpp.command.switchHeaderSource.title": "Üst Bilgiyi/Kaynağı Değiştir",
	"c_cpp.command.enableErrorSquiggles.title": "Hata İlişkilendirmelerini Etkinleştir",
	"c_cpp.command.disableErrorSquiggles.title": "Hata İlişkilendirmelerini Devre Dışı Bırak",
	"c_cpp.command.toggleIncludeFallback.title": "Ekleme Hatalarında IntelliSense Altyapısı Geri Dönüşünü Aç/Kapat",
	"c_cpp.command.toggleDimInactiveRegions.title": "Etkin Olmayan Bölge Renklendirmeyi Aç/Kapat",
	"c_cpp.command.resetDatabase.title": "IntelliSense Veritabanını Sıfırla",
	"c_cpp.command.takeSurvey.title": "Ankete Katılın",
	"c_cpp.command.restartIntelliSenseForFile.title": "Etkin Dosya için IntelliSense'i yeniden başlat",
	"c_cpp.command.logDiagnostics.title": "Günlük Tanılama",
	"c_cpp.command.referencesViewGroupByType.title": "Başvuru Türüne Göre Gruplandır",
	"c_cpp.command.referencesViewUngroupByType.title": "Başvuru Türüne göre Grubu Çöz",
	"c_cpp.command.rescanWorkspace.title": "Çalışma Alanını Yeniden Tara",
	"c_cpp.command.vcpkgClipboardInstallSuggested.title": "vcpkg yükleme komutunu panoya kopyalayın",
	"c_cpp.command.vcpkgOnlineHelpSuggested.title": "vcpkg yardım sayfasını ziyaret edin",
	"c_cpp.command.generateEditorConfig.title": "VC Biçimi ayarlarından EditorConfig içerikleri oluştur",
	"c_cpp.command.GoToNextDirectiveInGroup.title": "Koşullu grupta sonraki ön işlemci yönergesine git",
	"c_cpp.command.GoToPrevDirectiveInGroup.title": "Koşullu grupta önceki ön işlemci yönergesine git",
	"c_cpp.command.RunCodeAnalysisOnActiveFile.title": "Aktif Dosyada Code Analysis’i Çalıştır",
	"c_cpp.command.RunCodeAnalysisOnOpenFiles.title": "Açık Dosyalarda Code Analysis’i Çalıştır",
	"c_cpp.command.RunCodeAnalysisOnAllFiles.title": "Tüm Dosyalarda Code Analysis’i Çalıştır",
	"c_cpp.command.RemoveAllCodeAnalysisProblems.title": "Tüm Kod Analizi Sorunlarını Temizle",
	"c_cpp.command.BuildAndDebugFile.title": "C/C++ Dosyasında Hata Ayıklama",
	"c_cpp.command.BuildAndRunFile.title": "C/C++ Dosyasını Çalıştırın",
	"c_cpp.command.AddDebugConfiguration.title": "Hata Ayıklama Yapılandırması Ekle",
	"c_cpp.command.GenerateDoxygenComment.title": "Doxygen Açıklaması Oluştur",
	"c_cpp.command.addSshTarget.title": "Add SSH target",
	"c_cpp.command.removeSshTarget.title": "Remove SSH target",
	"c_cpp.command.setActiveSshTarget.title": "Set this SSH target as the active target",
	"c_cpp.command.selectActiveSshTarget.title": "Select an active SSH target",
	"c_cpp.command.selectSshTarget.title": "Select SSH target",
	"c_cpp.command.activeSshTarget.title": "Get the active SSH target",
	"c_cpp.command.refreshCppSshTargetsView.title": "Refresh",
	"c_cpp.configuration.maxConcurrentThreads.markdownDescription": "Dil hizmeti işleme için kullanılacak maksimum eşzamanlı iş parçacığı sayısı. Değer bir ipucudur ve her zaman kullanılamaz. `null` (boş) varsayılanı, mevcut mantıksal işlemcilerin sayısını kullanır.",
	"c_cpp.configuration.maxCachedProcesses.markdownDescription": "Dil hizmeti işleme için kullanılacak önbelleğe alınmış maksimum işlem sayısı. Varsayılan `null` (boş) değeri kullanılabilir mantıksal işlemci sayısının iki katını kullanıyor.",
	"c_cpp.configuration.maxMemory.markdownDescription": "Dil hizmeti işleme için kullanılabilen maksimum bellek (MB cinsinden). Bu bellek kullanımı aşıldıktan sonra daha az işlem önbelleğe alınacak ve eşzamanlı olarak çalıştırılacaktır. Varsayılan `null` (boş) sistemin boş belleğini kullanır.",
	"c_cpp.configuration.intelliSense.maxCachedProcesses.markdownDescription": "Çalışmaya devam edecek maksimum IntelliSense işlemi sayısı. Varsayılan `null` (boş) `#C_Cpp.maxCachedProcesses#` öğesinden devralınan değeri kullanır.",
	"c_cpp.configuration.intelliSense.maxMemory.markdownDescription": "Bu bellek kullanımı (MB cinsinden) aşıldıktan sonra yeni işlemler oluşturulmadan önce eski IntelliSense işlemleri kapatılır. Varsayılan `null` (boş), `#C_Cpp.maxMemory#` öğesinden devralınan değeri kullanır.",
	"c_cpp.configuration.references.maxConcurrentThreads.markdownDescription": "“Tüm Referansları Bul” ve “Yeniden Adlandır” için kullanılacak maksimum eşzamanlı iş parçacığı sayısı. Varsayılan `null` (boş), `#C_Cpp.maxConcurrentThreads#` öğesinden devralınan değeri kullanır.",
	"c_cpp.configuration.references.maxCachedProcesses.markdownDescription": "‘Tüm Başvuruları Bul’ ve ‘Yeniden Adlandır’ için bellekte tutulacak maksimum işlem sayısı. `0` varsayılanı bu özelliği devre dışı bırakır. `null` (boş) değeri, `#C_Cpp.maxCachedProcesses#` öğesinden devralınan değeri kullanır.",
	"c_cpp.configuration.references.maxMemory.markdownDescription": "Bu bellek kullanımı (MB cinsinden) aşıldıktan sonra daha az kod analizi işlemi aynı anda çalışır. Varsayılan `null` (boş), `#C_Cpp.maxMemory#` öğesinden devralınan değeri kullanır.",
	"c_cpp.configuration.codeAnalysis.maxConcurrentThreads.markdownDescription": "Kod analizi için kullanılacak maksimum eşzamanlı iş parçacığı sayısı. Varsayılan `null` (boş), `#C_Cpp.maxConcurrentThreads#` öğesinden devralınan değerin yarısını kullanır.",
	"c_cpp.configuration.codeAnalysis.maxMemory.markdownDescription": "Bu bellek kullanımı (MB cinsinden) aşıldıktan sonra daha az kod analizi işlemi aynı anda çalışır. Varsayılan `null` (boş), `#C_Cpp.maxMemory#` öğesinden devralınan değeri kullanır.",
	"c_cpp.configuration.codeAnalysis.updateDelay.markdownDescription": "`#files.autoSave#` değeri `afterDelay` ve `#C_Cpp.codeAnalysis.runAutomatically#` değeri `true` olduğunda, bir düzenlemeden bir kaydetme tetiklendikten sonra kod analizinin işlenmesine başlamadan önce geçen milisaniye cinsinden gecikmeyi kontrol eder.",
	"c_cpp.configuration.codeAnalysis.exclude.markdownDescription": "Kod analizi klasörleri ve dosyalarını hariç tutmak için glob desenlerini yapılandırın. Çalışma alanı klasörü altında olmayan dosyalar her zaman hariç tutulur. `#files.exclude#` ve `#C_Cpp.files.exclude#` öğelerinden değerleri devralır. Glob desenleri ile ilgili daha fazla bilgiyi [buradan](https://code.visualstudio.com/docs/editor/codebasics#_advanced-search-options) okuyun.",
	"c_cpp.configuration.codeAnalysis.excludeBoolean.markdownDescription": "Dosya yollarıyla eşleşecek glob deseni. Deseni etkinleştirmek veya devre dışı bırakmak için `true` ya da `false` olarak ayarlayın.",
	"c_cpp.configuration.codeAnalysis.excludeWhen.markdownDescription": "Eşleşen bir dosyanın eşdüzey öğeleri üzerindeki ek denetim. Eşleşen dosya adı için değişken olarak `$(basename)` kullanın.",
	"c_cpp.configuration.codeAnalysis.runAutomatically.markdownDescription": "`true` ise, dosya açıldıktan veya kaydedildikten sonra kod analizi otomatik olarak çalışır.",
	"c_cpp.configuration.codeAnalysis.clangTidy.codeAction.showDisable.markdownDescription": "`true`ise kullanılabilir olduğunda, 'Devre dışı bırak' kod eylemi gösterilir (bir sonraki kod analizi çalıştırıldığında). 'Devre dışı bırak' kod eylemi kullanıldığında, uyarı kodunu `C_Cpp.codeAnalysis.clangTidy.checks.disabled`ayarına ekler.",
	"c_cpp.configuration.codeAnalysis.clangTidy.codeAction.showDocumentation.markdownDescription": "`true` ise, kullanılabilir olduğunda, 'için Belgeleri Göster' kod eylemi gösterilir (bir sonraki kod analizi çalıştırıldığında).",
	"c_cpp.configuration.codeAnalysis.clangTidy.codeAction.showClear.description": "Hangi 'Temizle' kod analizi sorun kodu eylem seçeneklerinin kullanılabilir olduğunu kontrol eder. Ayarın daha fazla seçenek göstermek için değiştirilmesi kod analizinin yeniden çalıştırılmasını gerektirebilir.",
	"c_cpp.configuration.codeAnalysis.clangTidy.codeAction.showClear.None.description": "'Temizle' kod eylemi gösterme.",
	"c_cpp.configuration.codeAnalysis.clangTidy.codeAction.showClear.AllOnly.description": "Yalnızca 'Tümünü temizle' (veya yalnızca bir tür varsa, 'Tüm <türleri> temizle' veya sadece tek bir sorun varsa 'Bunu temizle') kod eylemini göster.",
	"c_cpp.configuration.codeAnalysis.clangTidy.codeAction.showClear.AllAndAllType.description": "'Tümünü temizle' (birden çok sorun türü varsa) ve 'Tüm <türleri> temizle' (veya <tür> için sadece tek bir sorun varsa, 'Bunu temizle' kod eylemini göster)",
	"c_cpp.configuration.codeAnalysis.clangTidy.codeAction.showClear.AllAndAllTypeAndThis.description": "'Tümünü temizle' (birden çok sorun türü varsa), 'Tüm <türleri> temizle' (<tür> için birden çok sorun varsa) ve 'Bunu temizle' kod eylemlerini göster",
	"c_cpp.configuration.codeAnalysis.clangTidy.codeAction.formatFixes.markdownDescription": "`true` ise biçimlendirme 'Fix' kod eylemlerinin değiştirdiği satırlarda çalıştırılacaktır.",
	"c_cpp.configuration.codeAnalysis.clangTidy.enabled.markdownDescription": "`True` ise `#C_Cpp.codeAnalysis.runAutomatically#` değeri `true` ise `clang-tidy` kullanan kod analizi etkinleştirilir ve otomatik olarak çalıştırılır.",
	"c_cpp.configuration.codeAnalysis.clangTidy.path.markdownDescription": "`clang-tidy` yürütülebilir dosyasının tam yolu. Belirtilmemişse ve ortam yolunda `clang-tidy` mevcutsa, bu kullanılır. Ortam yolunda bulunamazsa, uzantıyla birlikte gelen `clang-tidy` kullanılacaktır.",
	"c_cpp.configuration.codeAnalysis.clangTidy.config.markdownDescription": "YAML/JSON biçiminde bir `clang-tidy` yapılandırmasını belirtir: `{Checks: '-*,clang-analyzer-*', CheckOptions: [{anahtar: x, değer: y}]}`. Değer boş olduğunda, `clang-tidy`, üst dizinlerinde her kaynak dosya için `clang-tidy` adlı bir dosya bulmayı dener.",
	"c_cpp.configuration.codeAnalysis.clangTidy.fallbackConfig.markdownDescription": "`#C_Cpp.codeAnalysis.clangTidy.config#` ayarlanmamışsa ve hiçbir `.clang-tidy` dosyası bulunamasa geri dönüş olarak kullanılacak YAML/JSON biçiminde bir `clang-tidy` yapılandırmasını belirtir: `{Checks: '-*,clang-analyzer-*', CheckOptions: [{anahtar: x, değer: y}]}`.",
	"c_cpp.configuration.codeAnalysis.clangTidy.headerFilter.markdownDescription": "Tanılama çıktısı alınacak başlıkların adlarıyla eşleşen bir POSIX genişletilmiş normal ifadesi (ERE). Her çeviri biriminin ana dosyasındaki tanılamalar her zaman görüntülenir. `${workspaceFolder}` değişkeni desteklenir (ve `.clang-tidy` dosyası yoksa varsayılan geri dönüş değeri olarak kullanılır). Bu seçenek `null` (boş) değilse, varsa `.clang-tidy` dosyasındaki `HeaderFilterRegex` seçeneğini geçersiz kılar.",
	"c_cpp.configuration.codeAnalysis.clangTidy.args.markdownDescription": "`clang-tidy` metoduna geçirilecek ek komut satırı bağımsız değişkenleri. Bunlar, eşdeğer `C_Cpp.codeAnalysis.clangTidy.*` ayarlarından önceliklidir.",
	"c_cpp.configuration.codeAnalysis.clangTidy.useBuildPath.markdownDescription": "`true` ve `compileCommands` ayarlanırsa, `--` sonrasında geçirilen derleme bağımsız değişkenleri yerine `-p=<build-path>` bağımsız değişkeni `clang-tidy` öğesine geçirilir. Ortam değişkenleri, sistem dahillerinin bulunabilmesi için ayarlanmamışsa bu işlem çalışmayabilir.",
	"c_cpp.configuration.codeAnalysis.clangTidy.checks.enabled.markdownDescription": "Etkinleştirilmiş `clang-tidy` kontrollerinin listesi. Değerler, bir `.clang-tidy` dosyasındaki `Checks` veya varsa `#C_Cpp.codeAnalysis.clangTidy.config#` dosyasına eklenir. Varsayılan kontrol `clang-analyzer-*`, açıkça devre dışı bırakılmadığı sürece her zaman kullanılır.",
	"c_cpp.configuration.codeAnalysis.clangTidy.checks.disabled.markdownDescription": "Devre dışı bırakılan `clang-tidy` denetimlerinin listesi. Değerler bir `.clang-tidy` dosyasındaki `Checks` değerine veya varsa `#C_Cpp.codeAnalysis.clangTidy.config#` değerine eklenir.",
	"c_cpp.configuration.formatting.description": "Biçimlendirme altyapısını yapılandırır.",
	"c_cpp.configuration.formatting.clangFormat.markdownDescription": "Kodu biçimlendirmek için `clang-format` kullanılacak.",
	"c_cpp.configuration.formatting.vcFormat.markdownDescription": "Kodu biçimlendirmek için Visual C++ biçimlendirme altyapısı kullanılacak.",
	"c_cpp.configuration.formatting.Default.markdownDescription": "Varsayılan olarak, kodu biçimlendirmek için `clang-format` kullanılır. Ancak, ilgili ayarlara sahip bir `.editorconfig` dosyası, biçimlendirilmekte olan koda yaklaştığında ve `#C_Cpp.clang_format_style#` varsayılan değer olan `file` olduğunda Visual C++ biçimlendirme altyapısı kullanılır.",
	"c_cpp.configuration.formatting.Disabled.markdownDescription": "Kod biçimlendirme devre dışı bırakılacak.",
	"c_cpp.configuration.vcFormat.indent.braces.markdownDescription": "Küme ayraçları, `#editor.tabSize#` ayarında belirtilen miktara göre girintilenir.",
	"c_cpp.configuration.vcFormat.indent.multiLineRelativeTo.description": "Yeni satır girintisinin ne ile göreli olduğunu belirler.",
	"c_cpp.configuration.vcFormat.indent.multiLineRelativeTo.outermostParenthesis.description": "Yeni satırı en dıştaki açma parantezine göre girintileyin.",
	"c_cpp.configuration.vcFormat.indent.multiLineRelativeTo.innermostParenthesis.description": "Yeni satırı en içteki açma parantezine göre girintileyin.",
	"c_cpp.configuration.vcFormat.indent.multiLineRelativeTo.statementBegin.description": "Yeni satırı geçerli deyimin başlangıcına göre girintileyin.",
	"c_cpp.configuration.vcFormat.indent.withinParentheses.markdownDescription": "Yazılan yeni satır, açma parantezinin altında veya `#C_Cpp.vcFormat.indent.multiLineRelativeTo#` değerine göre hizalanır.",
	"c_cpp.configuration.vcFormat.indent.withinParentheses.alignToParenthesis.markdownDescription": "Yeni satır, açma parantezinin altında hizalanır.",
	"c_cpp.configuration.vcFormat.indent.withinParentheses.indent.markdownDescription": "Yeni satır `#C_Cpp.vcFormat.indent.multiLineRelativeTo#` değerine göre girintilenir.",
	"c_cpp.configuration.vcFormat.indent.preserveWithinParentheses.description": "Mevcut kodda, parantezlerdeki yeni satırların mevcut girinti hizalamasını koruyun.",
	"c_cpp.configuration.vcFormat.indent.caseLabels.markdownDescription": "Etiketler, switch deyimlerine göre `#editor.tabSize#` ayarında belirtilen miktarda girintilenir.",
	"c_cpp.configuration.vcFormat.indent.caseContents.markdownDescription": "Blok olan `case` içindeki kod, kodun etiketine göre `#editor.tabSize#` ayarında belirtilen miktarda girintilenir.",
	"c_cpp.configuration.vcFormat.indent.caseContentsWhenBlock.markdownDescription": "Bir case deyiminden sonraki küme ayraçlarını, `#editor.tabSize#` ayarında belirtilen miktara göre girintileyin.",
	"c_cpp.configuration.vcFormat.indent.lambdaBracesWhenParameter.markdownDescription": "Bir deyimin başlangıcına göre işlev parametresi olarak kullanılan lambda küme ayraçlarını, `#editor.tabSize#` ayarında belirtilen miktar kadar girintileyin.",
	"c_cpp.configuration.vcFormat.indent.gotoLabels.description": "Goto etiketlerinin konumu.",
	"c_cpp.configuration.vcFormat.indent.gotoLabels.oneLeft.markdownDescription": "Goto etiketlerini, geçerli kod girintisinin `#editor.tabSize#` ayarında belirtilen miktar kadar soluna konumlandırın.",
	"c_cpp.configuration.vcFormat.indent.gotoLabels.leftmostColumn.markdownDescription": "Goto etiketlerini kodun en soluna yerleştirin.",
	"c_cpp.configuration.vcFormat.indent.gotoLabels.none.markdownDescription": "Goto etiketleri biçimlendirilmeyecek.",
	"c_cpp.configuration.vcFormat.indent.preprocessor.description": "Ön işlemci yönergelerinin konumu.",
	"c_cpp.configuration.vcFormat.indent.preprocessor.oneLeft.markdownDescription": "Ön işlemci yönergeleri, geçerli kod girintisinin `#editor.tabSize#` ayarında belirtilen miktar kadar soluna konumlandırılır.",
	"c_cpp.configuration.vcFormat.indent.preprocessor.leftmostColumn.markdownDescription": "Ön işlemci yönergeleri kodun en soluna yerleştirilir.",
	"c_cpp.configuration.vcFormat.indent.preprocessor.none.markdownDescription": "Ön işlemci yönergeleri biçimlendirilmeyecek.",
	"c_cpp.configuration.vcFormat.indent.accessSpecifiers.markdownDescription": "Erişim tanımlayıcıları, sınıfa veya yapı tanımlarına göreli olarak, `#editor.tabSize#` ayarında belirtilen miktara göre girintilenir.",
	"c_cpp.configuration.vcFormat.indent.namespaceContents.markdownDescription": "Kod, kendisini çevreleyen ad alanına göre, `#editor.tabSize#` ayarında belirtilen miktarda girintilenir.",
	"c_cpp.configuration.vcFormat.indent.preserveComments.description": "Açıklama girintileri, biçimlendirme işlemleri sırasında değiştirilmedi.",
	"c_cpp.configuration.vcFormat.newLine.beforeOpenBrace.namespace.description": "Ad alanları için açma küme ayraçlarının konumu.",
	"c_cpp.configuration.vcFormat.newLine.beforeOpenBrace.type.description": "Tür tanımları için açma küme ayraçlarının konumu.",
	"c_cpp.configuration.vcFormat.newLine.beforeOpenBrace.lambda.description": "Lambda işlevleri için açma küme ayraçlarının konumu.",
	"c_cpp.configuration.vcFormat.newLine.beforeOpenBrace.function.description": "İşlevler için açma küme ayraçlarının konumu.",
	"c_cpp.configuration.vcFormat.newLine.beforeOpenBrace.block.description": "Denetim blokları için açma küme ayraçlarının konumu.",
	"c_cpp.configuration.vcFormat.newLine.beforeOpenBrace.newLine.description": "Açma küme ayraçları yeni bir satıra taşınır.",
	"c_cpp.configuration.vcFormat.newLine.beforeOpenBrace.sameLine.description": "Açma küme ayraçları aynı satırda tutulur ve her birinden önce bir boşluk eklenir.",
	"c_cpp.configuration.vcFormat.newLine.beforeOpenBrace.ignore.description": "Açma küme ayraçları biçimlendirilmemiş.",
	"c_cpp.configuration.vcFormat.newLine.scopeBracesOnSeparateLines.description": "Kapsamlar için açma ve kapatma küme ayraçlarını ayrı satırlara yerleştirin.",
	"c_cpp.configuration.vcFormat.newLine.closeBraceSameLine.emptyType.description": "Boş türler için kapatma küme ayracını açma küme ayracıyla aynı satıra taşıyın.",
	"c_cpp.configuration.vcFormat.newLine.closeBraceSameLine.emptyFunction.description": "Boş işlev gövdeleri için kapatma küme ayracını açma küme ayracıyla aynı satıra taşıyın.",
	"c_cpp.configuration.vcFormat.newLine.beforeCatch.markdownDescription": "`catch` ve benzer anahtar sözcükleri yeni bir satıra yerleştirin.",
	"c_cpp.configuration.vcFormat.newLine.beforeElse.markdownDescription": "`else` ifadesini yeni bir satıra yerleştirin.",
	"c_cpp.configuration.vcFormat.newLine.beforeWhileInDoWhile.markdownDescription": "`do`-`while` döngüsündeki 'while' ifadesini yeni bir satıra yerleştirin.",
	"c_cpp.configuration.vcFormat.space.beforeFunctionOpenParenthesis.description": "İşlev adları arasındaki boşluklar ve bağımsız değişken listelerinin açma parantezleri.",
	"c_cpp.configuration.vcFormat.space.beforeFunctionOpenParenthesis.insert.description": "İşlevin açma parantezinden önce bir boşluk eklenir.",
	"c_cpp.configuration.vcFormat.space.beforeFunctionOpenParenthesis.remove.description": "İşleve ait sol ayraçtan önceki boşluklar kaldırıldı.",
	"c_cpp.configuration.vcFormat.space.beforeFunctionOpenParenthesis.ignore.description": "Boşluklar girildiği gibi bırakılır.",
	"c_cpp.configuration.vcFormat.space.withinParameterListParentheses.description": "İşlev parametre listelerinde açma parantezinden sonra ve kapatma parantezinden önce bir boşluk eklenir.",
	"c_cpp.configuration.vcFormat.space.betweenEmptyParameterListParentheses.description": "İşlev parametresi listesi boş olduğunda, parantezlerinin arasına bir boşluk eklenir.",
	"c_cpp.configuration.vcFormat.space.afterKeywordsInControlFlowStatements.description": "Denetim akış deyimlerindeki anahtar sözcükle açma parantezi arasına bir boşluk eklenir.",
	"c_cpp.configuration.vcFormat.space.withinControlFlowStatementParentheses.description": "Denetim akış bildirimlerinde açma parantezinden sonra ve kapatma parantezinden önce bir boşluk eklenir.",
	"c_cpp.configuration.vcFormat.space.beforeLambdaOpenParenthesis.description": "Lambda bağımsız değişken listelerinin açma parantezinden önce bir boşluk eklenir.",
	"c_cpp.configuration.vcFormat.space.withinCastParentheses.description": "C stili tür dönüştürme işleminin açma parantezinden sonra ve kapatma parantezinden önce bir boşluk eklenir.",
	"c_cpp.configuration.vcFormat.space.afterCastCloseParenthesis.description": "C stili tür dönüştürme işleminin kapanış parantezinden sonra boşluk eklenir.",
	"c_cpp.configuration.vcFormat.space.withinExpressionParentheses.description": "Parantez içine alınmış ifadede açma parantezinden sonra ve kapatma parantezinden önce bir boşluk eklenir.",
	"c_cpp.configuration.vcFormat.space.beforeBlockOpenBrace.description": "Kapsam bloklarının açma küme ayracından önce bir boşluk eklenir.",
	"c_cpp.configuration.vcFormat.space.betweenEmptyBraces.description": "Küme ayraçları boş ve aynı satırda olduğunda aralarına bir boşluk eklenir.",
	"c_cpp.configuration.vcFormat.space.beforeInitializerListOpenBrace.description": "Tek düzen başlatma ve başlatıcı listelerinin açma küme ayracından önce bir boşluk eklenir.",
	"c_cpp.configuration.vcFormat.space.withinInitializerListBraces.description": "Tek düzen başlatma ve başlatıcı listelerinin açma küme ayracından sonra ve kapatma küme ayracından önce bir boşluk eklenir.",
	"c_cpp.configuration.vcFormat.space.preserveInInitializerList.description": "Tek düzen başlatma ve başlatıcı listelerinde virgüllerin etrafındaki boşluklar korunur.",
	"c_cpp.configuration.vcFormat.space.beforeOpenSquareBracket.description": "Açma köşeli ayracından önce bir boşluk eklenir.",
	"c_cpp.configuration.vcFormat.space.withinSquareBrackets.description": "Açma köşeli ayracından önce ve kapatma köşeli ayracından sonra bir boşluk eklenir.",
	"c_cpp.configuration.vcFormat.space.beforeEmptySquareBrackets.description": "Köşeli ayraçlar boş olduğunda, açma köşeli ayracından önce bir boşluk eklenir.",
	"c_cpp.configuration.vcFormat.space.betweenEmptySquareBrackets.description": "Köşeli ayraçlar boş olduğunda, aralarına bir boşluk eklenir.",
	"c_cpp.configuration.vcFormat.space.groupSquareBrackets.description": "Çok boyutlu diziler için, köşeli ayraçlar arasındaki tüm boşluk kaldırılır. Boşluğu denetleyen diğer ayarlar geçersiz kılınır.",
	"c_cpp.configuration.vcFormat.space.withinLambdaBrackets.description": "Açma köşeli ayracından önce ve kapatma köşeli ayracından sonra bir boşluk eklenir.",
	"c_cpp.configuration.vcFormat.space.betweenEmptyLambdaBrackets.description": "Köşeli ayraçlar boş olduğunda, aralarına bir boşluk eklenir.",
	"c_cpp.configuration.vcFormat.space.beforeComma.description": "Her virgülden önce bir boşluk eklenir.",
	"c_cpp.configuration.vcFormat.space.afterComma.description": "Her virgülden sonra bir boşluk eklenir.",
	"c_cpp.configuration.vcFormat.space.removeAroundMemberOperators.description": "Üye erişim operatörlerinin, üye işaretçisi operatörlerinin ve kapsam çözünürlüğü operatörlerinin etrafındaki boşluklar kaldırılır.",
	"c_cpp.configuration.vcFormat.space.beforeInheritanceColon.description": "Sınıf tanımlarında devralınan türler için iki nokta üst üste işaretinden önce bir boşluk eklenir.",
	"c_cpp.configuration.vcFormat.space.beforeConstructorColon.description": "Oluşturucu tanımlarında iki nokta üst üste işaretinden önce bir boşluk eklenir.",
	"c_cpp.configuration.vcFormat.space.removeBeforeSemicolon.description": "Her noktalı virgülden önce boşluklar kaldırılır.",
	"c_cpp.configuration.vcFormat.space.insertAfterSemicolon.description": "Her noktalı virgülden sonra bir boşluk eklenir.",
	"c_cpp.configuration.vcFormat.space.removeAroundUnaryOperator.description": "Tekli işleçler ve işlenenleri arasındaki boşluklar kaldırılır.",
	"c_cpp.configuration.vcFormat.space.aroundBinaryOperator.description": "İkili işleçlerin etrafındaki boşluklar.",
	"c_cpp.configuration.vcFormat.space.aroundAssignmentOperator.description": "Atama işleçlerinin etrafındaki boşluklar.",
	"c_cpp.configuration.vcFormat.space.pointerReferenceAlignment.description": "İşaretçi ve başvuru işleçlerinin etrafındaki boşluklar.",
	"c_cpp.configuration.vcFormat.space.pointerReferenceAlignment.left.description": "İşaretçi ve başvuru operatörleri sola hizalanır.",
	"c_cpp.configuration.vcFormat.space.pointerReferenceAlignment.center.description": "İşaretçi ve başvuru operatörleri ortalanır.",
	"c_cpp.configuration.vcFormat.space.pointerReferenceAlignment.right.description": "İşaretçi ve başvuru operatörleri sağa hizalanır.",
	"c_cpp.configuration.vcFormat.space.pointerReferenceAlignment.ignore.description": "İşaretçi ve başvuru operatörleri biçimlendirilmemiş.",
	"c_cpp.configuration.vcFormat.space.aroundTernaryOperator.description": "Koşullu işleçlerin etrafındaki boşluklar.",
	"c_cpp.configuration.vcFormat.space.aroundOperators.insert.description": "İşlecin hem öncesine, hem de sonrasına bir boşluk eklenir.",
	"c_cpp.configuration.vcFormat.space.aroundOperators.remove.description": "İşleçten önceki ve sonraki boşluklar kaldırılır.",
	"c_cpp.configuration.vcFormat.space.aroundOperators.ignore.description": "Boşluklar girildiği gibi bırakılır.",
	"c_cpp.configuration.vcFormat.wrap.preserveBlocks.description": "Bloklar için kaydırma seçenekleri.",
	"c_cpp.configuration.vcFormat.wrap.preserveBlocks.oneLiners.markdownDescription": "Tek satıra girilen tam kod bloğu, `C_Cpp.vcFormat.newLine.*` ayarlarının herhangi birinin değerinden bağımsız olarak tek satırda tutulur.",
	"c_cpp.configuration.vcFormat.wrap.preserveBlocks.allOneLineScopes.markdownDescription": "Açma ve kapama küme ayracının tek bir satırda girildiği tüm kodlar, `C_Cpp.vcFormat.newLine.*` ayarlarının herhangi birinin değerinden bağımsız olarak tek satırda tutulur.",
	"c_cpp.configuration.vcFormat.wrap.preserveBlocks.never.markdownDescription": "Kod blokları her zaman `C_Cpp.vcFormat.newLine.*` ayarlarının değerlerine göre biçimlendirilir.",
	"c_cpp.configuration.clang_format_path.markdownDescription": "`clang-format` yürütülebilir dosyasının tam yolu. Belirtilmezse ve ortam yolunda `clang-format` kullanılabiliyorsa bu kullanılır. Ortam yolunda bulunamazsa uzantı ile paketlenmiş bir `clang-format` kullanılır.",
	"c_cpp.configuration.clang_format_style.markdownDescription": "Kodlama stili şu anda şunları destekliyor: `Visual Studio`, `LLVM`, `Google`, `Chromium`, `Mozilla`, `WebKit`, `Microsoft`, `GNU`. Geçerli veya üst dizindeki `.clang-format` dosyasından stili yüklemek için `file` kullanın. Belirli parametreleri ayarlamak için `{anahtar: değer, ...}` kullanın. Örneğin, `Visual Studio` stili şuna benzer: `{ BasedOnStyle: LLVM, UseTab: Never, IndentWidth: 4, TabWidth: 4, BreakBeforeBraces: Allman, AllowShortIfStatementsOnASingleLine: false, IndentCaseLabels: false, ColumnLimit: 0, AccessModifierOffset: -4, NamespaceIndentation: All, FixNamespaceComments: false }`.",
	"c_cpp.configuration.clang_format_fallbackStyle.markdownDescription": "`clang-format`, `file` stiliyle çağrıldığında geri dönüş olarak kullanılan önceden tanımlı stilin adı, ancak `.clang-format` dosyası bulunamadı. Olası değerler: `Visual Studio`, `LLVM`, `Google`, `Chromium`, `Mozilla`, `WebKit`, `Microsoft`, `GNU`, `none` veya belirli parametreleri ayarlamak için `{anahtar: değer, ...}` kullanın. Örneğin, `Visual Studio` stili şuna benzer: `{ BasedOnStyle: LLVM, UseTab: Never, IndentWidth: 4, TabWidth: 4, BreakBeforeBraces: Allman, AllowShortIfStatementsOnASingleLine: false, IndentCaseLabels: false, ColumnLimit: 0, AccessModifierOffset: -4, NamespaceIndentation: All, FixNamespaceComments: false }`.",
	"c_cpp.configuration.clang_format_sortIncludes.markdownDescription": "Ayarlanırsa, `SortIncludes` parametresi tarafından belirlenen ekleme sıralama davranışını geçersiz kılar.",
	"c_cpp.configuration.intelliSenseEngine.description": "IntelliSense sağlayıcısını denetler.",
	"c_cpp.configuration.intelliSenseEngine.default.description": "Ayrı bir IntelliSense işlemi aracılığıyla bağlama duyarlı sonuçlar sağlar.",
	"c_cpp.configuration.intelliSenseEngine.tagParser.description": "Bağlama duyarlı olmayan \"belirsiz\" sonuçlar sağlar.",
	"c_cpp.configuration.intelliSenseEngine.disabled.description": "C/C++ dil hizmeti özelliklerini kapatır.",
	"c_cpp.configuration.intelliSenseEngineFallback.markdownDescription": "IntelliSense altyapısının `#include` hatalarını içeren çeviri birimleri için otomatik olarak Etiket Ayrıştırıcısı'na geçip geçmeyeceğini denetler.",
	"c_cpp.configuration.autocomplete.markdownDescription": "Otomatik tamamlama sağlayıcısını denetler. `Disabled` ise ve sözcük tabanlı tamamlama istiyorsanız, aynı zamanda `\"[cpp]\": {\"editor.wordBasedSuggestions\": true}` (ve aynı şekilde `c` ve `cuda-cpp` dilleri için) ayarını da belirlemeniz gerekir.",
	"c_cpp.configuration.autocomplete.default.description": "Etkin IntelliSense altyapısını kullanır.",
	"c_cpp.configuration.autocomplete.disabled.description": "Visual Studio Code tarafından sağlanan sözcük tabanlı tamamlamayı kullanır.",
	"c_cpp.configuration.errorSquiggles.description": "IntelliSense altyapısı tarafından algılanan şüpheli derleme hatalarının düzenleyiciye geri rapor edilip edilmeyeceğini kontrol eder. Ayrıca, içermeler bulunamazsa kod analizi uyarılarının raporlanıp raporlanmayacağını da kontrol eder. Bu ayar, Etiket Ayrıştırıcı motoru tarafından yok sayılır.",
	"c_cpp.configuration.dimInactiveRegions.description": "Etkin olmayan ön işlemci bloklarının etkin koddan farklı renkte olup olmadığını denetler. IntelliSense devre dışı bırakılmışsa veya Varsayılan Yüksek Karşıtlık teması kullanılıyorsa bu ayarın bir etkisi olmaz.",
	"c_cpp.configuration.inactiveRegionOpacity.markdownDescription": "Etkin olmayan ön işlemci bloklarının opaklığını denetler. `0.1` ile `1.0` arasında ölçeklendirir. Bu ayar yalnızca etkin olmayan bölge karartma etkinleştirildiğinde uygulanır.",
	"c_cpp.configuration.inactiveRegionForegroundColor.description": "Etkin olmayan ön işlemci bloklarının yazı tipi renklendirmesini denetler. Giriş, onaltılık bir renk kodu şeklinde veya geçerli bir Tema Rengidir. Ayarlanmamışsa, bu ayar varsayılan olarak düzenleyicinin söz dizimi renklendirme düzeninde olur. Bu ayar yalnızca etkin olmayan bölge karartma etkinleştirildiğinde uygulanır.",
	"c_cpp.configuration.inactiveRegionBackgroundColor.description": "Etkin olmayan ön işlemci bloklarının arka plan renklendirmesini denetler. Giriş, onaltılık bir renk kodu şeklinde veya geçerli bir Tema Rengidir. Ayarlanmamışsa, bu ayar varsayılan olarak saydamdır. Bu ayar yalnızca etkin olmayan bölge karartma etkinleştirildiğinde uygulanır.",
	"c_cpp.configuration.inlayHints.autoDeclarationTypes.enabled.markdownDescription": "Bir bildirimde `auto` kullanıldığında, çıkarılan tür için yerleşik ipuçlarını görüntüle:\n```cpp \n\n auto index /* : int */ = 0;\n```",
	"c_cpp.configuration.inlayHints.autoDeclarationTypes.showOnLeft.markdownDescription": "Tanımlayıcının solundaki bir bildirimde `auto` kullanıldığında, çıkarılan tür için yerleşik ipuçlarını görüntüle:\n```cpp \n\n auto /* int */ index = 0;\n```",
	"c_cpp.configuration.inlayHints.parameterNames.enabled.markdownDescription": "Parametre adları için yerleşik ipuçlarını görüntüle:\n```cpp \n\nint a = getArea(/* width: */ x, /* height: */ y);\n```",
	"c_cpp.configuration.inlayHints.parameterNames.hideLeadingUnderscores.markdownDescription": "Baştaki `_` öğesini parametre adı ipuçlarında gizleyin.",
	"c_cpp.configuration.inlayHints.parameterNames.suppressWhenArgumentContainsName.markdownDescription": "Bağımsız değişken metni veya satır içi açıklama, parametre adını içerdiğinde parametre adı ipuçlarını gizle:\n```cpp \n\n int a = getArea(width, /* height: */ y);\n```",
	"c_cpp.configuration.inlayHints.referenceOperator.enabled.markdownDescription": "Sabit olmayan başvuruyla geçirilen parametreler için `&` yerleşik ipucu başvuru işlecini görüntüle:\n```cpp \n\n swap(/* &first: */ str1, /* &last: */ str2);\n```",
	"c_cpp.configuration.inlayHints.referenceOperator.showSpace.markdownDescription": "Sabit olmayan başvuruyla geçirilen parametreler için `&` işlecinden sonra boşluk gösterilip gösterilmeyeceğini denetler:\n```cpp \n\n swap(/* & first: */ str1, /* & last: */ str2);\n```",
	"c_cpp.configuration.loggingLevel.markdownDescription": "Çıkış Panelindeki günlük kaydının ayrıntı düzeyi. En az ayrıntılıdan en çok ayrıntılıya düzey sırası: `None` < `Error` < `Warning` < `Information` < `Debug`.",
	"c_cpp.configuration.autoAddFileAssociations.markdownDescription": "Dosyaların, bir C/C++ dosyasındaki gezinme işleminin hedefi olduklarında otomatik olarak `#files.associations#` öğesine eklenip eklenmeyeceğini denetler.",
	"c_cpp.configuration.workspaceParsingPriority.markdownDescription": "Etkin olmayan çalışma alanı dosyalarını ayrıştırma işleminin, CPU'nun %100'ünü kullanmaktan kaçınmak için uyku modunu kullanıp kullanmadığını denetler. `highest`/`high`/`medium`/`low` değerleri, yaklaşık olarak %100/75/50/25 CPU kullanımına karşılık gelir.",
	"c_cpp.configuration.workspaceSymbols.description": "'Çalışma Alanındaki Sembole Git' çağrıldığında sorgu sonuçlarına eklenecek semboller.",
	"c_cpp.configuration.exclusionPolicy.markdownDescription": "`browse.path` dizisindeki yollarda dolaşırken, kod gezinti veritabanına hangi dosyaların ekleneceği belirlendiği sırada uzantıya `#files.exclude#` (ve `#C_Cpp.files.exclude#`) ayarının ne zaman kullanılacağını söyler. `#files.exclude#` ayarınız yalnızca klasörler içeriyorsa, `checkFolders` en iyi seçimdir ve uzantının kod gezinti veritabanını başlatabilme hızını artırır.",
	"c_cpp.configuration.exclusionPolicy.checkFolders.description": "Dışlama filtreleri, klasör başına yalnızca bir kez değerlendirilir (dosyalar tek tek denetlenmez).",
	"c_cpp.configuration.exclusionPolicy.checkFilesAndFolders.description": "Dışlama filtreleri, karşılaşılan her dosya ve klasörle değerlendirilecek.",
	"c_cpp.configuration.preferredPathSeparator.markdownDescription": "`#include` otomatik tamamlama sonuçları için yol ayırıcısı olarak kullanılan karakter.",
	"c_cpp.configuration.simplifyStructuredComments.markdownDescription": "`true` ise, üzerine gelme ve otomatik tamamlama araç ipuçları, yapılandırılmış açıklamaların yalnızca belirli etiketlerini görüntüler. Aksi halde tüm açıklamalar görüntülenir.",
	"c_cpp.configuration.doxygen.generateOnType.description": "Seçilen açıklama stilini girdikten sonra Doxygen açıklamasının otomatik olarak eklenip eklenmeyeceğini kontrol eder.",
	"c_cpp.configuration.doxygen.generatedStyle.description": "Doxygen açıklamasının başlangıç satırı olarak kullanılan karakter dizesi.",
	"c_cpp.configuration.commentContinuationPatterns.items.anyof.string.markdownDescription": "Çok satırlı veya tek satırlı açıklama bloğu başlatan desen. Devam deseni, çok satırlı açıklama blokları için varsayılan olarak ` * ` değerini veya tek satırlı açıklama blokları için bu dize değerini alır.",
	"c_cpp.configuration.commentContinuationPatterns.items.anyof.object.begin.description": "Çok satırlı veya tek satırlı açıklama bloğu başlatan desen.",
	"c_cpp.configuration.commentContinuationPatterns.items.anyof.object.continue.description": "Çok satırlı veya tek satırlı açıklama bloğu içinde ENTER tuşuna basıldığında sonraki satıra eklenecek metin.",
	"c_cpp.configuration.commentContinuationPatterns.description": "Çok satırlı veya tek satırlı açıklama bloğu içinde ENTER tuşuna basıldığında yapılacak düzenleyici davranışını tanımlar.",
	"c_cpp.configuration.configurationWarnings.description": "Bir yapılandırma sağlayıcı uzantısı kaynak dosya için yapılandırma sağlayamadığında açılır pencere bildirimlerinin gösterilip gösterilmeyeceğini belirler.",
	"c_cpp.configuration.intelliSenseCachePath.markdownDescription": "IntelliSense tarafından kullanılan, önbelleğe alınan önceden derlenmiş üst bilgilerin klasör yolunu tanımlar. Varsayılan önbellek yolu Windows üzerinde `%LocalAppData%/Microsoft/vscode-cpptools`, Linux üzerinde `$XDG_CACHE_HOME/vscode-cpptools/` (veya `XDG_CACHE_HOME` tanımlanmamışsa `$HOME/.cache/vscode-cpptools/`) ve macOS üzerinde `$HOME/Library/Caches/vscode-cpptools/` şeklindedir. Yol belirtilmezse veya belirtilen yol geçersizse varsayılan yol kullanılır.",
	"c_cpp.configuration.intelliSenseCacheSize.markdownDescription": "Önbelleğe alınan önceden derlenmiş üst bilgiler için çalışma alanı başına sabit sürücü alanının megabayt (MB) cinsinden boyut üst sınırı. Gerçek kullanım bu değere yakın seyredebilir. Varsayılan boyut `5120` MB'tır. Boyut `0` olduğunda önceden derlenmiş üst bilgiyi önbelleğe alma özelliği devre dışı bırakılır.",
	"c_cpp.configuration.intelliSenseMemoryLimit.markdownDescription": "IntelliSense işleminin megabayt (MB) cinsinden bellek kullanım sınırı. Varsayılan sınır `4096` ve en yüksek sınır `16384` değeridir. IntelliSense işlemi sınırı aştığında uzantı, işlemi kapatır ve yeniden başlatır.",
	"c_cpp.configuration.intelliSenseUpdateDelay.description": "IntelliSense'in, bir değişiklikten sonra güncelleştirilmeye başlamasından önce beklenecek milisaniye cinsinden gecikme süresini denetler.",
	"c_cpp.configuration.default.includePath.markdownDescription": "`c_cpp_properties.json` içinde `includePath` belirtilmemişse bir yapılandırmada kullanılacak değer. `includePath` belirtilirse, bu ayardan değer eklemek için diziye `${default}` ekleyin. Bu genellikle sistem eklemeleri içermemelidir, bunun yerine `#C_Cpp.default.compilerPath#` ayarını belirleyin.",
	"c_cpp.configuration.default.defines.markdownDescription": "`defines` belirtilmemişse bir yapılandırmada kullanılacak değer veya `defines` içinde `${default}` varsa eklenecek değerler.",
	"c_cpp.configuration.default.macFrameworkPath.markdownDescription": "`macFrameworkPath` belirtilmemişse bir yapılandırmada kullanılacak değer veya `macFrameworkPath` içinde `${default}` varsa eklenecek değerler.",
	"c_cpp.configuration.default.windowsSdkVersion.markdownDescription": "Windows üzerinde kullanılacak Windows SDK ekleme yolunun sürümü, ör. `10.0.17134.0`.",
	"c_cpp.configuration.default.compileCommands.markdownDescription": "`compileCommands` belirtilmemişse veya `${default}` olarak ayarlanmışsa bir yapılandırmada kullanılacak değer.",
	"c_cpp.configuration.default.forcedInclude.markdownDescription": "`forcedInclude` belirtilmemişse bir yapılandırmada kullanılacak değer veya `forcedInclude` içinde `${default}` varsa eklenecek değerler.",
	"c_cpp.configuration.default.intelliSenseMode.markdownDescription": "`intelliSenseMode` belirtilmemişse veya `${default}` olarak ayarlanmışsa bir yapılandırmada kullanılacak değer.",
	"c_cpp.configuration.default.compilerPath.markdownDescription": "`compilerPath` belirtilmemişse veya `${default}` olarak ayarlanmışsa bir yapılandırmada kullanılacak değer.",
	"c_cpp.configuration.default.compilerArgs.markdownDescription": "`compilerArgs` belirtilmemişse veya `${default}` olarak ayarlanmışsa bir yapılandırmada kullanılacak değer.",
	"c_cpp.configuration.default.cStandard.markdownDescription": "`cStandard` belirtilmemişse veya `${default}` olarak ayarlanmışsa bir yapılandırmada kullanılacak değer.",
	"c_cpp.configuration.default.cppStandard.markdownDescription": "`cppStandard` belirtilmemişse veya `${default}` olarak ayarlanmışsa bir yapılandırmada kullanılacak değer.",
	"c_cpp.configuration.default.configurationProvider.markdownDescription": "`configurationProvider` belirtilmemişse veya `${default}` olarak ayarlanmışsa bir yapılandırmada kullanılacak değer.",
	"c_cpp.configuration.default.mergeConfigurations.markdownDescription": "Ekleme yollarını, tanımları ve zorlamalı ekleme kodlarını yapılandırma sağlayıcısından alınan yapılandırmalarla birleştirmek için `true` olarak ayarlayın.",
	"c_cpp.configuration.default.browse.path.markdownDescription": "`browse.path` belirtilmemişse bir yapılandırmada kullanılacak değer veya `browse.path` içinde `${default}` varsa eklenecek değerler.",
	"c_cpp.configuration.default.browse.databaseFilename.markdownDescription": "`browse.databaseFilename` belirtilmemişse veya `${default}` olarak ayarlanmamışsa bir yapılandırmada kullanılacak değer.",
	"c_cpp.configuration.default.browse.limitSymbolsToIncludedHeaders.markdownDescription": "`browse.limitSymbolsToIncludedHeaders` belirtilmemişse veya `${default}` olarak ayarlanmamışsa bir yapılandırmada kullanılacak değer.",
	"c_cpp.configuration.default.systemIncludePath.markdownDescription": "Sistem ekleme yolu için kullanılacak değer. Ayarlanırsa `compilerPath` ve `compileCommands` ayarları aracılığıyla elde edilen sistem ekleme yolunu geçersiz kılar.",
	"c_cpp.configuration.default.enableConfigurationSquiggles.markdownDescription": "Uzantının `c_cpp_properties.json` dosyasında algılanan hataları bildirip bildirmeyeceğini denetler.",
	"c_cpp.configuration.default.customConfigurationVariables.markdownDescription": "`customConfigurationVariables` ayarlanmamışsa bir yapılandırmada kullanılacak değer veya `customConfigurationVariables` içinde anahtar olarak `${default}` varsa eklenecek değerler.",
	"c_cpp.configuration.updateChannel.markdownDescription": "Uzantının, gelecek özellikleri ve hata düzeltmelerini de içeren en son Insider üyeleri derlemelerini otomatik olarak indirip yüklemek için `Insider üyeleri` olarak ayarlayın.",
	"c_cpp.configuration.updateChannel.deprecationMessage": "Bu ayar kullanım dışı. Yayın öncesi uzantılar artık Market üzerinden kullanılabilir.",
	"c_cpp.configuration.default.dotConfig.markdownDescription": "`dotConfig` belirtilmemişse bir yapılandırmada kullanılacak değer veya `dotConfig` içinde `${default}` varsa eklenecek değerler.",
	"c_cpp.configuration.experimentalFeatures.description": "\"Deneysel\" özelliklerin kullanılabilir olup olmadığını denetler.",
	"c_cpp.configuration.suggestSnippets.markdownDescription": "Değer `true` ise, parçacıklar dil sunucusu tarafından sağlanır.",
	"c_cpp.configuration.caseSensitiveFileSupport.markdownDescription": {
		"message": "If set to `default`, the file system of the workspace is assumed to be case insensitive on Windows and case sensitive on macOS or Linux. If set to `enabled`, the file system of the workspace is assumed to be case sensitive on Windows.",
		"comment": [
			"Markdown text between `` should not be translated or localized (they represent literal text) and the capitalization, spacing, and punctuation (including the ``) should not be altered."
		]
	},
	"c_cpp.configuration.enhancedColorization.markdownDescription": "Etkinleştirilirse, kod IntelliSense'e göre renklendirilir. Bu ayar yalnızca `#C_Cpp.intelliSenseEngine#` `Default` olarak ayarlandıysa geçerlidir.",
	"c_cpp.configuration.codeFolding.description": "Etkinleştirilirse, kod katlama aralıkları dil sunucusu tarafından sağlanır.",
	"c_cpp.configuration.vcpkg.enabled.markdownDescription": "[vcpkg bağımlılık yöneticisi](https://aka.ms/vcpkg/) için tümleştirme hizmetlerini etkinleştirin.",
	"c_cpp.configuration.addNodeAddonIncludePaths.markdownDescription": "`nan` ve `node-addon-api` bağımlılık olduğunda bunlardan ekleme yolları ekleyin.",
	"c_cpp.configuration.renameRequiresIdentifier.markdownDescription": "`true` ise, 'Sembolü Yeniden Adlandır' işlemi için geçerli bir C/C++ tanımlayıcısı gerekir.",
	"c_cpp.configuration.autocompleteAddParentheses.markdownDescription": "`true` ise otomatik tamamla özelliği, işlev çağrılarından sonra otomatik olarak `(` ekler. Bazı durumlarda `#editor.autoClosingBrackets#` ayarının değerine bağlı olarak `)` karakteri de eklenebilir.",
	"c_cpp.configuration.filesExclude.markdownDescription": "Klasörleri (ve `#C_Cpp.exclusionPolicy#` değiştirilirse dosyaları) hariç tutmak için glob desenlerini yapılandırın. Bunlar, C/C++ uzantısına özgüdür ve `#files.exclude#` öğesine ek olarak, ancak `#files.exclude#` öğesinden farklı olarak, geçerli çalışma alanı klasörünün dışındaki yollara da uygulanırlar ve Explorer görünümünden kaldırılmazlar. Glob desenleri ile ilgili daha fazla bilgiyi [buradan](https://code.visualstudio.com/docs/editor/codebasics#_advanced-search-options) okuyun.",
	"c_cpp.configuration.filesExcludeBoolean.markdownDescription": "Dosya yollarıyla eşleşecek glob deseni. Deseni etkinleştirmek veya devre dışı bırakmak için `true` ya da `false` olarak ayarlayın.",
	"c_cpp.configuration.filesExcludeWhen.markdownDescription": "Eşleşen bir dosyanın eşdüzey öğeleri üzerindeki ek denetim. Eşleşen dosya adı için değişken olarak `$(basename)` kullanın.",
	"c_cpp.configuration.debugger.useBacktickCommandSubstitution.markdownDescription": "`true`ise, hata ayıklayıcı kabuk komut değiştirme eski kesme işaretini ``(`)`` kullanır.",
	"c_cpp.configuration.legacyCompilerArgsBehavior.markdownDescription": "Derleyici bağımsız değişken ayarlarında kabuk kaçışı işleme şekli için v1.10.0 öncesi davranışı etkinleştirin. v1.10.0'da başlayan bağımsız değişken dizileri için kabuk kaçışı artık beklenmiyor veya varsayılan olarak desteklenmiyor.",
	"c_cpp.configuration.legacyCompilerArgsBehavior.deprecationMessage": "Bu ayar, v1.10.0'da düzeltilmiş davranışa geçişi geçici olarak destekliyor.",
	"c_cpp.contributes.views.cppReferencesView.title": "C/C++: Diğer başvuru sonuçları",
	"c_cpp.contributes.views.sshTargetsView.title": {
		"message": "Cpptools: SSH targets",
		"comment": [
			"Do not localize `Cpptools`."
		]
	},
	"c_cpp.contributes.viewsWelcome.contents": "launch.json hakkında daha fazla bilgi için [C/C++ hata ayıklamasını yapılandırma](https://code.visualstudio.com/docs/cpp/launch-json-reference) konusuna bakın.",
	"c_cpp.configuration.debugShortcut.description": "C++ dosyaları için \"Çalıştır ve Hata Ayıkla\" yürütme düğmesini ve \"Hata Ayıklama Yapılandırması Ekle\" dişlisini düzenleyici başlık çubuğunda gösterin.",
	"c_cpp.debuggers.pipeTransport.description": "Mevcut olduğunda, hata ayıklayıcısına, VS Code ile MI özellikli hata ayıklayıcısı arka uç yürütülebilir dosyası (gdb gibi) arasında standart giriş/çıkış geçişi sağlayan bir kanal olarak görev yapacak başka bir yürütülebilir dosya aracılığıyla uzak bilgisayara bağlanmasını söyler.",
	"c_cpp.debuggers.pipeTransport.default.pipeProgram": "Kanal program adı için tam yolu girin, örneğin '/usr/bin/ssh'.",
	"c_cpp.debuggers.pipeTransport.default.debuggerPath": "Hedef makinedeki hata ayıklayıcısının tam yolu. Örneğin: /usr/bin/gdb.",
	"c_cpp.debuggers.pipeTransport.debuggerPath.description": "Hedef makinedeki hata ayıklayıcısının tam yolu. Örneğin: /usr/bin/gdb.",
	"c_cpp.debuggers.pipeTransport.pipeCwd.description": "Kanal programı için çalışma dizininin tam yolu.",
	"c_cpp.debuggers.pipeTransport.pipeProgram.description": "Çalıştırılacak tam kanal komutu.",
	"c_cpp.debuggers.pipeTransport.pipeArgs.description": "Bağlantıyı yapılandırmak için kanal programına geçirilen komut satırı bağımsız değişkenleri.",
	"c_cpp.debuggers.pipeTransport.pipeEnv.description": "Kanal programına geçirilen ortam değişkenleri.",
	"c_cpp.debuggers.pipeTransport.quoteArgs.description": "pipeProgram'a ait tek tek bağımsız değişkenler, boşluk veya sekme gibi karakterler içeriyorsa bunlar tırnak içine alınmalı mı? 'False' olarak ayarlanırsa hata ayıklayıcısı komutu artık otomatik olarak tırnak içine alınmaz. Varsayılan değer: 'true'.",
	"c_cpp.debuggers.logging.description": "Hata Ayıklama Konsoluna ne tür iletilerin kaydedilmesi gerektiğini belirleyen isteğe bağlı bayraklar.",
	"c_cpp.debuggers.logging.exceptions.description": "Özel durum iletilerinin Hata Ayıklama Konsoluna kaydedilmesi gerekip gerekmediğini belirleyen isteğe bağlı bayrak. Varsayılan olarak true değerini alır.",
	"c_cpp.debuggers.logging.moduleLoad.description": "Modül yükleme olaylarının Hata Ayıklama Konsoluna kaydedilmesi gerekip gerekmediğini belirleyen isteğe bağlı bayrak. Varsayılan olarak true değerini alır.",
	"c_cpp.debuggers.logging.programOutput.description": "Program çıkışının Hata Ayıklama Konsoluna kaydedilmesi gerekip gerekmediğini belirleyen isteğe bağlı bayrak. Varsayılan olarak true değerini alır.",
	"c_cpp.debuggers.logging.engineLogging.description": "Tanılama hata ayıklama altyapısı iletilerinin Hata Ayıklama Konsoluna kaydedilmesi gerekip gerekmediğini belirleyen isteğe bağlı bayrak. Varsayılan olarak false değerini alır.",
	"c_cpp.debuggers.logging.trace.description": "Tanılama bağdaştırıcısı komut izlemenin Hata Ayıklama Konsoluna kaydedilmesi gerekip gerekmediğini belirleyen isteğe bağlı bayrak. Varsayılan olarak false değerini alır.",
	"c_cpp.debuggers.logging.traceResponse.description": "Tanılama bağdaştırıcısı komut ve yanıt izlemenin Hata Ayıklama Konsoluna kaydedilmesi gerekip gerekmediğini belirleyen isteğe bağlı bayrak. Varsayılan olarak false değerini alır.",
	"c_cpp.debuggers.cppvsdbg.logging.threadExit.description": "İş parçacığı çıkışı iletilerinin Hata Ayıklama Konsolu'na kaydedilmesinin gerekip gerekmediğini belirleyen isteğe bağlı bayrak. Varsayılan: false.",
	"c_cpp.debuggers.cppvsdbg.logging.processExit.description": "Hedef işlem çıkışı iletilerinin Hata Ayıklama Konsolu'na kaydedilmesinin gerekip gerekmediğini belirleyen isteğe bağlı bayrak. Varsayılan: true.",
	"c_cpp.debuggers.text.description": "Çalıştırılacak hata ayıklayıcısı komutu.",
	"c_cpp.debuggers.description.description": "Komut için isteğe bağlı açıklama.",
	"c_cpp.debuggers.ignoreFailures.description": "Değer true ise komuttan gönderilen hatalar yoksayılmalıdır. Varsayılan olarak false değerini alır.",
	"c_cpp.debuggers.program.description": "Program yürütülebilirinin tam yolu.",
	"c_cpp.debuggers.args.description": "Programa geçirilen komut satırı bağımsız değişkenleri.",
	"c_cpp.debuggers.cppdbg.type.description": "Altyapının türü. \"cppdbg\" olmalıdır.",
	"c_cpp.debuggers.cppvsdbg.type.description": "Altyapının türü. \"cppvsdbg\" olmalıdır.",
	"c_cpp.debuggers.targetArchitecture.description": "Hata ayıklananın mimarisi. Bu parametre ayarlanmazsa, bu değer otomatik olarak algılanır. İzin verilen değerler: x86, arm, arm64, mips, x64, amd64, x86_64.",
	"c_cpp.debuggers.cwd.description": "Hedefin çalışma dizini.",
	"c_cpp.debuggers.setupCommands.description": "Temel alınan hata ayıklayıcısını ayarlamak için çalıştırılacak bir veya daha fazla GDB/LLDB komutu. Örnek: \"setupCommands\": [ { \"text\": \"-enable-pretty-printing\", \"description\": \"Enable GDB pretty printing\", \"ignoreFailures\": true }].",
	"c_cpp.debuggers.postRemoteConnectCommands.description": "Bir hata ayıklama sunucusuna uzak bağlantıdan sonra yürütülen bir ve daha fazla komut.",
	"c_cpp.debuggers.customLaunchSetupCommands.description": "Belirtilmesi durumunda, başka komutlarla hedef başlatmak için kullanılan varsayılan komutların yerine geçer. Örneğin, bir hedef işleme bağlama işlemi için bu, \"-target-attach\" olabilir. Boş bir komut listesi, başlatma komutlarını hiçbir şeyle değiştirmez ve hata ayıklayıcıya komut satırı seçeneği olarak başlatma seçenekleri sağlandığı durumlarda yararlı olabilir. Örnek: \"customLaunchSetupCommands\": [ { \"text\": \"target-run\", \"description\": \"run target\", \"ignoreFailures\": false }].",
	"c_cpp.debuggers.launchCompleteCommand.description": "Hedef işlemin çalıştırılması için, hata ayıklayıcısı tamamen ayarlandıktan sonra çalıştırılacak komut. İzin verilen değerler: \"exec-run\", \"exec-continue\", \"None\". Varsayılan değer \"exec-run\".",
	"c_cpp.debuggers.cppdbg.visualizerFile.description": "Bu işlemde hata ayıklanırken kullanılacak .natvis dosyası. Bu seçenek, GDB düzgün yazdırma ile uyumlu değil. Lütfen bu ayar kullanılıyorsa ayrıca bkz: \"showDisplayString\".",
	"c_cpp.debuggers.cppdbg.svdPath.description": "Eklenmiş cihaza ait SVD dosyasının tam yolu.",
	"c_cpp.debuggers.cppvsdbg.visualizerFile.description": "Bu işlemde hata ayıklanırken kullanılacak .natvis dosyası.",
	"c_cpp.debuggers.showDisplayString.description": "Bir visualizerFile belirtildiğinde showDisplayString, görünen dizeyi etkinleştirir. Bu seçeneğin etkinleştirilmesi hata ayıklama sırasında daha düşük performansa neden olabilir.",
	"c_cpp.debuggers.environment.description": "Program ortamına eklenecek ortam değişkenleri. Örnek: [ { \"name\": \"config\", \"value\": \"Debug\" } ], [ { \"config\": \"Debug\" } ] değil.",
	"c_cpp.debuggers.envFile.description": "Ortam değişkeni tanımlarını içeren bir dosyanın mutlak yolu. Bu dosyada, satır başına eşittir işaretiyle ayrılmış anahtar değer çiftleri bulunur. Ör. ANAHTAR=DEĞER.",
	"c_cpp.debuggers.additionalSOLibSearchPath.description": ".so dosyalarını aramak için kullanılacak dizinlerin noktalı virgülle ayrılmış listesi. Örnek: \"c:\\dizin1;c:\\dizin2\".",
	"c_cpp.debuggers.MIMode.description": "MIDebugEngine'in bağlanacağı konsol hata ayıklayıcısını belirtir. İzin verilen değerler: \"gdb\" \"lldb\".",
	"c_cpp.debuggers.miDebuggerPath.description": "MI hata ayıklayıcısının (gdb gibi) yolu. Belirtilmediğinde, ilk olarak hata ayıklayıcısı için yol araması yapar.",
	"c_cpp.debuggers.miDebuggerArgs.description": "MI hata ayıklayıcısı için ek bağımsız değişkenler (gdb gibi).",
	"c_cpp.debuggers.miDebuggerServerAddress.description": "Bağlanılacak MI Hata Ayıklayıcısı Sunucusunun ağ adresi (örnek: localhost:1234).",
	"c_cpp.debuggers.useExtendedRemote.description": "Hedef genişletilmiş uzak modundayken MI Hata Ayıklayıcısı Sunucusuna bağlanın.",
	"c_cpp.debuggers.stopAtEntry.description": "İsteğe bağlı parametre. Değeri true ise, hata ayıklayıcısının hedefin giriş noktasında durması gerekir. processId geçirilirse hiçbir etkisi olmaz.",
	"c_cpp.debuggers.debugServerPath.description": "Başlatılacak sunucuda hata ayıklama için isteğe bağlı tam yol. Varsayılan değeri null. \"miDebugServerAddress\" veya kendi sunucunuzun \"-target-select remote <server:port>\" çalıştıran bir \"customSetupCommand\" ile birlikte kullanılır.",
	"c_cpp.debuggers.debugServerArgs.description": "İsteğe bağlı hata ayıklama sunucusu bağımsız değişkenleri. Varsayılan olarak şu değeri alır: null.",
	"c_cpp.debuggers.serverStarted.description": "Hata ayıklama sunucusu çıktısında aranacak, sunucu tarafından başlatılan isteğe bağlı model. Varsayılan olarak şu değeri alır: null.",
	"c_cpp.debuggers.filterStdout.description": "Sunucu tarafından başlatılan model için stdout akışını arar ve çıktıda hata ayıklamak için stdout'u günlüğe kaydeder. Varsayılan olarak şu değeri alır: true.",
	"c_cpp.debuggers.filterStderr.description": "Sunucu tarafından başlatılan model için stderr akışını arar ve çıktıda hata ayıklamak için stderr'i günlüğe kaydeder. Varsayılan olarak şu değeri alır: false.",
	"c_cpp.debuggers.serverLaunchTimeout.description": "Hata ayıklayıcının debugServer başlangıcını beklemesi için geçen, milisaniye cinsinden isteğe bağlı süre. Varsayılan değer: 10000.",
	"c_cpp.debuggers.coreDumpPath.description": "Belirtilen program için çekirdek döküm dosyasının isteğe bağlı tam yolu. Varsayılan olarak şu değeri alır: null.",
	"c_cpp.debuggers.cppdbg.externalConsole.description": "Değer true ise, hata ayıklanan işlem için bir konsol başlatılır. Değer false ise, Linux ve Windows'ta Tümleşik Konsolda görünür.",
	"c_cpp.debuggers.cppvsdbg.externalConsole.description": "['konsol' tarafından kullanım dışı bırakıldı] True ise, hata ayıklama için bir konsol başlatılır. False ise konsol başlatılmaz.",
	"c_cpp.debuggers.cppvsdbg.console.description": "Hata ayıklama hedefinin nerede başlatılacağını belirtir. Tanımlanmamışsa varsayılan değer 'internalConsole' olur.",
	"c_cpp.debuggers.cppvsdbg.console.internalConsole.description": "VS Code Hata Ayıklama Konsolu'nun çıkışı. Bu, konsol girişini (ör: 'std::cin' veya 'scanf') okumayı desteklemiyor.",
	"c_cpp.debuggers.cppvsdbg.console.integratedTerminal.description": "VS Code'un tümleşik terminali.",
	"c_cpp.debuggers.cppvsdbg.console.externalTerminal.description": "Konsol uygulamaları, dış terminal penceresinde başlatılır. Pencere, yeniden başlatma senaryolarında tekrar kullanılır ve uygulama çıkış yaptığında otomatik olarak kaybolmaz.",
	"c_cpp.debuggers.cppvsdbg.console.newExternalWindow.description": "Konsol uygulamaları, uygulama durduğunda sona erecek olan kendi dış konsol penceresinde başlatılır. Konsol dışı uygulamalar terminal olmadan çalıştırılır ve stdout/stderr yoksayılır.",
	"c_cpp.debuggers.avoidWindowsConsoleRedirection.description": "Değer true ise, Tümleşik Terminal desteği için gerekli olan hata ayıklanan işlem konsol yeniden yönlendirmesini devre dışı bırakır.",
	"c_cpp.debuggers.sourceFileMap.description": "Hata ayıklama altyapısına isteğe bağlı kaynak dosya eşlemeleri geçirildi. Örnek: '{ \"/özgün/kaynak/yolu\":\"/geçerli/kaynak/yolu\" }'.",
	"c_cpp.debuggers.processId.anyOf.description": "Hata ayıklayıcının ekleneceği isteğe bağlı işlem kimliği. Eklenilecek yerel çalışan işlemlerin bir listesini almak için \"${command:pickProcess}\" kullanın. Bazı platformların bir işleme ekleme yapmak için yönetici ayrıcalıkları gerektirdiğini unutmayın.",
	"c_cpp.debuggers.symbolSearchPath.description": "Sembol (yani pdb) dosyalarını aramak için kullanılacak, noktalı virgülle ayrılmış dizinlerin listesi. Örnek: \"c:\\dizin1;c:\\dizin2\".",
	"c_cpp.debuggers.dumpPath.description": "Belirtilen program için döküm dosyasının isteğe bağlı tam yolu. Örnek: \"c:\\temp\\app.dmp\". Varsayılan olarak null değerini alır.",
	"c_cpp.debuggers.enableDebugHeap.description": "Değer false ise, işlem hata ayıklama yığını devre dışı bırakılarak başlatılır. Bu işlem '_NO_DEBUG_HEAP' ortam değişkenini '1' olarak ayarlar.",
	"c_cpp.debuggers.symbolLoadInfo.description": "Sembol yüklemesinin açık denetimi.",
	"c_cpp.debuggers.symbolLoadInfo.loadAll.description": "True ise tüm kitaplıklar için semboller yüklenir, aksi halde hiçbir solib sembolü yüklenmez. Varsayılan değer: true.",
	"c_cpp.debuggers.symbolLoadInfo.exceptionList.description": "Noktalı virgülle ';' ayrılmış dosya adları listesi (joker karakterlere izin verilir). LoadAll davranışını değiştirir. LoadAll değeri true ise, listedeki herhangi bir adla eşleşen kitaplıklar için sembolleri yüklemeyin. Aksi takdirde yalnızca eşleşen kitaplıklar için sembolleri yükleyin. Örnek: \"foo.so;bar.so\".",
	"c_cpp.debuggers.requireExactSource.description": "Geçerli kaynak kodunun pdb ile eşleşmesini gerektiren isteğe bağlı bayrak.",
	"c_cpp.debuggers.stopAtConnect.description": "True ise hata ayıklayıcısı hedefe bağlandıktan sonra durmalıdır. False ise hata ayıklayıcısı bağlandıktan sonra çalışmaya devam eder. Varsayılan: false.",
	"c_cpp.debuggers.hardwareBreakpoints.description": "Uzak hedefler için donanım kesme noktası davranışının açık denetimi.",
	"c_cpp.debuggers.hardwareBreakpoints.require.description": "True ise her zaman donanım kesme noktalarını kullanın. Varsayılan: false.",
	"c_cpp.debuggers.hardwareBreakpoints.limit.description": "Kullanılacak mevcut donanım kesme noktası sayısının isteğe bağlı sınırı. Yalnızca \"require\" değeri true olduğunda ve \"limit\" değeri 0'dan büyük olduğunda zorlanır. Varsayılan değer 0'dır.",
	"c_cpp.debuggers.variables.description": "Bu başlatma yapılandırmasında özyinelemeli değiştirme değişkenleri. Her bir değişken diğerlerine başvuruda olabilir.",
	"c_cpp.debuggers.variables.properties.description": "Bu başlatma yapılandırmasında özyinelemeli değiştirme değişkeni. Değer, diğer değişkenlere başvuruda olabilir.",
	"c_cpp.debuggers.host.description": "Ana bilgisayar bilgileri.",
	"c_cpp.debuggers.host.user.description": "Kullanıcı ana bilgisayarda oturum açıyor.",
	"c_cpp.debuggers.host.hostName.description": "Ana bilgisayar adı.",
	"c_cpp.debuggers.host.port.description": "Ana bilgisayarda SSH bağlantı noktası. Varsayılan değer 22'dir.",
	"c_cpp.debuggers.host.jumpHost.description": "Önce atlama konakları ile bağlantı yaparak hedef ana bilgisayara bağlan.",
	"c_cpp.debuggers.host.localForward.description": "Bağlantıları yerel (istemci) ana bilgisayarına verilen TCP bağlantı noktasına veya Unix yuvasına uzak ya da belirtilen ana bilgisayar ve bağlantı noktası ya da Unix yuvasına ilet",
	"c_cpp.debuggers.host.localForward.bindAddress.description": "Yerel adres",
	"c_cpp.debuggers.host.localForward.port.description": "Yerel bağlantı noktası",
	"c_cpp.debuggers.host.localForward.host.description": "Ana bilgisayar adı",
	"c_cpp.debuggers.host.localForward.hostPort.description": "Ana bilgisayar bağlantı noktası",
	"c_cpp.debuggers.host.localForward.localSocket.description": "Yerel yuva",
	"c_cpp.debuggers.host.localForward.remoteSocket.description": "Uzak yuva",
	"c_cpp.debuggers.deploySteps.description": "Uygulamayı dağıtmak için gereken adımlar. Sıra önemlidir.",
	"c_cpp.debuggers.deploySteps.copyFile.description": "Copy files using SCP or rsync.",
	"c_cpp.debuggers.deploySteps.copyFile.files.description": "Files to be copied. Supports path pattern.",
	"c_cpp.debuggers.deploySteps.copyFile.targetDir.description": "Target directory.",
	"c_cpp.debuggers.deploySteps.copyFile.recursive.description": "If true, copies folders recursively.",
	"c_cpp.debuggers.deploySteps.copyFile.scpPath.description": "Optional full path to SCP. Assumes SCP is on PATH if not specified",
	"c_cpp.debuggers.deploySteps.copyFile.rsyncPath.description": "Optional full path to rsync. Assumes rsync is on PATH if not specified",
	"c_cpp.debuggers.deploySteps.debug": "True ise, hata ayıklama olmadan başlatılırken atla. False ise hata ayıklamayı başlatırken atla. Tanımlanmamışsa hiçbir zaman atlama.",
	"c_cpp.debuggers.deploySteps.ssh.description": "SSH komutu adımı.",
	"c_cpp.debuggers.deploySteps.ssh.command.description": "SSH aracılığıyla yürütülecek komut. SSH komutunda '-c' işaretinden sonraki komut.",
	"c_cpp.debuggers.deploySteps.ssh.sshPath.description": "SSH için isteğe bağlı tam yol. Belirtilmezse SSH'nin PATH üzerinde olduğunu varsayar",
	"c_cpp.debuggers.deploySteps.continueOn.description": "Çıkışta isteğe bağlı bir bitiş deseni. Çıkışta bu desen görüldüğünde, bu adımın döndürülüp döndürülmediğinden bağımsız olarak dağıtım yordamlarına devam et.",
	"c_cpp.debuggers.deploySteps.shell.description": "Kabuk komut adımı.",
	"c_cpp.debuggers.deploySteps.shell.command.description": "Yürütülecek kabuk komutu.",
	"c_cpp.debuggers.vsCodeCommand.description": "Çağrılacak VS Code komutu. VS Code komutu veya etkin bir uzantı olabilir.",
	"c_cpp.debuggers.vsCodeCommand.command.description": "Çağrılacak VS Code komutu.",
	"c_cpp.debuggers.vsCodeCommand.args.description": "VS Code komutu için bağımsız değişkenler.",
	"c_cpp.taskDefinitions.name.description": "Görevin adı.",
	"c_cpp.taskDefinitions.command.description": "Derlemeyi gerçekleştiren derleyici ya da betiğin yolu.",
	"c_cpp.taskDefinitions.args.description": "Derleyici veya derleme betiğine geçirilecek ek bağımsız değişkenler.",
	"c_cpp.taskDefinitions.options.description": "Ek komut seçenekleri.",
	"c_cpp.taskDefinitions.options.cwd.description": "Yürütülen program veya betiğin geçerli çalışma dizini. Atlanırsa Kodun geçerli çalışma alanının kökü kullanılır.",
	"c_cpp.taskDefinitions.detail.description": "Görevin ek ayrıntıları.",
	"c_cpp.debuggers.sourceFileMap.sourceFileMapEntry.description": "Aynı kaynak ağaçlarına yönelik geçerli ve derleme zamanı yolları. EditorPath altında bulunan dosyalar, kesme noktası eşleştirmesi için CompileTimePath yoluna eşlenir ve yığın izleme konumlarını görüntülerken CompileTimePath öğesinden EditorPath'e eşlenir.",
	"c_cpp.debuggers.sourceFileMap.sourceFileMapEntry.editorPath.description": "Düzenleyicinin kullanacağı kaynak ağacının yolu.",
	"c_cpp.debuggers.sourceFileMap.sourceFileMapEntry.useForBreakpoints.description": "Bu giriş yalnızca yığın çerçeve konumu eşlemesi için kullanılıyorsa false. Bu girişin, kesme noktası konumları belirtilirken de kullanılması gerekiyorsa true.",
	"c_cpp.debuggers.symbolOptions.description": "Simgelerin (.pdb dosyaları) nasıl bulunup yüklendiğini denetleme seçenekleri.",
	"c_cpp.debuggers.VSSymbolOptions.description": "Sembolleri bulup hata ayıklama bağdaştırıcısına yüklemeye yönelik yapılandırma sağlar.",
	"c_cpp.debuggers.VSSymbolOptions.searchPaths.description": ".pdb dosyalarını aramak için sembol sunucusu URL’si (ör: http​://MyExampleSymbolServer) veya dizin (ör. /build/symbols) dizisi. Bu dizinler, modülün yanındaki varsayılan konumların yanı sıra, pdb'nin bırakıldığı yolda arama yapar.",
	"c_cpp.debuggers.VSSymbolOptions.searchMicrosoftSymbolServer.description": "'True' ise, Microsoft Sembol sunucusu (https​://msdl.microsoft.com​/download/symbols) sembol arama yoluna eklenir. Belirtilmezse, bu seçenek varsayılan olarak 'false' değerine ayarlanır.",
	"c_cpp.debuggers.VSSymbolOptions.cachePath.description": "Sembol sunucularından indirilen sembollerin önbelleğe alınması gereken dizin. Belirtilmezse, Windows’da hata ayıklayıcısı varsayılan olarak %TEMP%\\SymbolCache' değerine ayarlanır.",
	"c_cpp.debuggers.VSSymbolOptions.moduleFilter.description": "Hata ayıklayıcısının simgeleri (.pdb dosyaları) yüklemeye çalışacağı modülü (.dll dosyaları) denetlemeye yönelik seçenekleri sağlar.",
	"c_cpp.debuggers.VSSymbolOptionsModuleFilter.description": "Sembolleri hata ayıklama bağdaştırıcısına yüklemeye yönelik yapılandırma sağlar.",
	"c_cpp.debuggers.VSSymbolOptionsModuleFilter.mode.description": "Modül filtresinin iki temel işletim modundan hangisinde çalışacağını denetler.",
	"c_cpp.debuggers.VSSymbolOptionsModuleFilter.mode.loadAllButExcluded.enumDescriptions": "Modül 'excludedModules' dizisinde değilse tüm modüllerin sembollerini yükleyin.",
	"c_cpp.debuggers.VSSymbolOptionsModuleFilter.mode.loadOnlyIncluded.enumDescriptions": "'includedModules' dizisinde olmayan veya 'includeSymbolsNextToModules' ayarı aracılığıyla eklenmeyen modüller için sembol yüklemeye çalışmayın.",
	"c_cpp.debuggers.VSSymbolOptionsModuleFilter.excludedModules.description": "Hata ayıklayıcısının, sembolleri YÜKLEMEMESİ gereken modül dizisi. Joker karakterler (ör. MyCompany.*.dll) desteklenir.\n\n'Mode' değeri 'loadAllButExcluded' olarak ayarlanmadıkça bu özellik yoksayılır.",
	"c_cpp.debuggers.VSSymbolOptionsModuleFilter.includedModules.description": "Hata ayıklayıcısının, sembolleri yüklemesi gereken modül dizisi. Joker karakterler (ör. MyCompany.*.dll) desteklenir.\n\n'Mode' değeri 'loadOnlyIncluded' olarak ayarlanmadıkça bu özellik yoksayılır.",
	"c_cpp.debuggers.VSSymbolOptionsModuleFilter.includeSymbolsNextToModules.description": "True ise hata ayıklayıcısı, 'includedModules' dizisinde OLMAYAN herhangi bir modül için modülün ve başlatılan yürütülebilir dosyanın yanında denetlemeye devam eder ancak sembol arama listesindeki yolları denetlemez.\n\nBu seçenek varsayılan olarak 'true' şeklinde ayarlanır. 'Mode', 'loadOnlyIncluded' olarak ayarlanmadıkça bu özellik yoksayılır.",
	"c_cpp.semanticTokenTypes.referenceType.description": "C++/CLI başvuru türleri için kullanılacak stil.",
	"c_cpp.semanticTokenTypes.cliProperty.description": "C++/CLI özellikleri için kullanılacak stil.",
	"c_cpp.semanticTokenTypes.genericType.description": "C++/CLI genel türleri için kullanılacak stil.",
	"c_cpp.semanticTokenTypes.valueType.description": "C++/CLI değer türleri için kullanılacak stil.",
	"c_cpp.semanticTokenTypes.templateFunction.description": "C++ şablon işlevleri için kullanılacak stil.",
	"c_cpp.semanticTokenTypes.templateType.description": "C++ şablon türleri için kullanılacak stil.",
	"c_cpp.semanticTokenTypes.operatorOverload.description": "C++ aşırı yüklenmiş operatörleri için kullanılacak stil.",
	"c_cpp.semanticTokenTypes.memberOperatorOverload.description": "C++ aşırı yüklenmiş operatör üye işlevleri için kullanılacak stil.",
	"c_cpp.semanticTokenTypes.newOperator.description": "C++ `new` veya `delete` işleçleri için kullanılacak stil.",
	"c_cpp.semanticTokenTypes.customLiteral.description": "C++ kullanıcı tanımlı sabit değerler için kullanılacak stil.",
	"c_cpp.semanticTokenTypes.numberLiteral.description": "C++ kullanıcı tanımlı sabit sayılar için kullanılacak stil.",
	"c_cpp.semanticTokenTypes.stringLiteral.description": "C++ kullanıcı tanımlı sabit dizeleri için kullanılacak stil.",
	"c_cpp.semanticTokenModifiers.global.description": "Genel semboller için kullanılacak stil.",
	"c_cpp.semanticTokenModifiers.local.description": "Yerel semboller için kullanılacak stil."
}