{
	"c_cpp.capabilities.untrustedWorkspaces.description": "Více nastavení může způsobit spuštění procesů, které jsou místní pro pracovní prostor, třeba C_Cpp.clang_format_path, C_Cpp.codeAnalysis.clangTidy.path, C_Cpp.addNodeAddonIncludePaths, C_Cpp.default.compilerPath, C_Cpp.default.configurationProvider a C_Cpp.default.compileCommands, a ekvivalentní vlastnosti v souboru c_cpp_properties.json.",
	"c_cpp.command.configurationSelect.title": "Vybrat konfiguraci...",
	"c_cpp.command.configurationProviderSelect.title": "Změnit poskytovatele konfigurací...",
	"c_cpp.command.configurationEditJSON.title": "Upravit konfigurace (JSON)",
	"c_cpp.command.configurationEditUI.title": "Upravit konfigurace (uživatelské rozhraní)",
	"c_cpp.command.switchHeaderSource.title": "Přepnout hlavičku/zdroj",
	"c_cpp.command.enableErrorSquiggles.title": "Povolit podtrhávání chyb vlnovkou",
	"c_cpp.command.disableErrorSquiggles.title": "Zakázat podtrhávání chyb vlnovkou",
	"c_cpp.command.toggleIncludeFallback.title": "Přepnout na zálohu modulu IntelliSense, když dojde k chybám vložených souborů",
	"c_cpp.command.toggleDimInactiveRegions.title": "Přepnout barvení neaktivních oblastí",
	"c_cpp.command.resetDatabase.title": "Resetovat databázi IntelliSense",
	"c_cpp.command.takeSurvey.title": "Vyplnit průzkum",
	"c_cpp.command.restartIntelliSenseForFile.title": "Restartovat IntelliSense pro aktivní soubor",
	"c_cpp.command.logDiagnostics.title": "Protokolovat diagnostiku",
	"c_cpp.command.referencesViewGroupByType.title": "Seskupit podle typu odkazu",
	"c_cpp.command.referencesViewUngroupByType.title": "Oddělit podle typu odkazu",
	"c_cpp.command.rescanWorkspace.title": "Znovu prohledat pracovní prostor",
	"c_cpp.command.vcpkgClipboardInstallSuggested.title": "Zkopírovat příkaz pro instalaci vcpkg do schránky",
	"c_cpp.command.vcpkgOnlineHelpSuggested.title": "Navštívit stránku nápovědy k vcpkg",
	"c_cpp.command.generateEditorConfig.title": "Vygenerovat obsah EditorConfig z nastavení formátu VC",
	"c_cpp.command.GoToNextDirectiveInGroup.title": "Přejít na další direktivu preprocesoru v podmíněné skupině",
	"c_cpp.command.GoToPrevDirectiveInGroup.title": "Přejít na předchozí direktivu preprocesoru v podmíněné skupině",
	"c_cpp.command.RunCodeAnalysisOnActiveFile.title": "Spustit Code Analysis u aktivního souboru",
	"c_cpp.command.RunCodeAnalysisOnOpenFiles.title": "Spustit Code Analysis při otevírání souborů",
	"c_cpp.command.RunCodeAnalysisOnAllFiles.title": "Spustit Code Analysis u všech souborů",
	"c_cpp.command.RemoveAllCodeAnalysisProblems.title": "Vymazat všechny problémy s analýzou kódu",
	"c_cpp.command.BuildAndDebugFile.title": "Ladit soubor C/C++",
	"c_cpp.command.BuildAndRunFile.title": "Spustit soubor C/C++",
	"c_cpp.command.AddDebugConfiguration.title": "Přidat konfiguraci ladění",
	"c_cpp.command.GenerateDoxygenComment.title": "Vygenerovat komentář Doxygenu",
	"c_cpp.command.addSshTarget.title": "Add SSH target",
	"c_cpp.command.removeSshTarget.title": "Remove SSH target",
	"c_cpp.command.setActiveSshTarget.title": "Set this SSH target as the active target",
	"c_cpp.command.selectActiveSshTarget.title": "Select an active SSH target",
	"c_cpp.command.selectSshTarget.title": "Select SSH target",
	"c_cpp.command.activeSshTarget.title": "Get the active SSH target",
	"c_cpp.command.refreshCppSshTargetsView.title": "Refresh",
	"c_cpp.configuration.maxConcurrentThreads.markdownDescription": "Maximální počet souběžných vláken, která se mají použít pro zpracování služby jazyka. Hodnota je nápověda a nemusí být vždy použita. Výchozí hodnota `null` (prázdná) používá počet dostupných logických procesorů.",
	"c_cpp.configuration.maxCachedProcesses.markdownDescription": "Maximální počet procesů uložených v mezipaměti, které se mají použít pro zpracování služby jazyka. Výchozí hodnota `null` (prázdná) používá dvojnásobek dostupného počtu logických procesorů.",
	"c_cpp.configuration.maxMemory.markdownDescription": "Maximální paměť (v MB), která je k dispozici pro zpracování služby jazyka. Po překročení tohoto využití paměti bude uloženo do mezipaměti méně procesů, které budou spuštěny souběžně. Výchozí hodnota `null` (prázdná) používá volnou paměť systému.",
	"c_cpp.configuration.intelliSense.maxCachedProcesses.markdownDescription": "Maximální počet procesů IntelliSense, které mají být nadále spuštěny. Výchozí hodnota `null` (prázdná) používá hodnotu zděděnou z `#C_Cpp.maxCachedProcesses#`.",
	"c_cpp.configuration.intelliSense.maxMemory.markdownDescription": "Po překročení tohoto využití paměti (v MB) se starší procesy IntelliSense vypnou před vytvořením nových procesů. Výchozí hodnota `null` (prázdná) používá hodnotu zděděnou od `#C_Cpp.maxMemory#`.",
	"c_cpp.configuration.references.maxConcurrentThreads.markdownDescription": "Maximální počet souběžných vláken, která se mají použít pro možnosti Najít všechny odkazy a Přejmenovat. Výchozí hodnota `null` (prázdná) používá hodnotu zděděnou od `#C_Cpp.maxConcurrentThreads#`.",
	"c_cpp.configuration.references.maxCachedProcesses.markdownDescription": "Maximální počet procesů, které se mají uchovávat v paměti pro příkazy 'Najít všechny odkazy' a 'Přejmenovat'. Výchozí hodnota 0 tuto funkci zakáže. Hodnota `null` (prázdná) používá hodnotu zděděnou z `#C_Cpp.maxCachedProcesses#`.",
	"c_cpp.configuration.references.maxMemory.markdownDescription": "Po překročení tohoto využití paměti (v MB) bude uloženo do mezipaměti a souběžně spuštěno méně procesů 'Najít všechny odkazy' a 'Přejmenovat'. Výchozí hodnota `null` (prázdná) používá hodnotu zděděnou od `#C_Cpp.maxMemory#`.",
	"c_cpp.configuration.codeAnalysis.maxConcurrentThreads.markdownDescription": "Maximální počet souběžných vláken, která se mají použít pro analýzu kódu. Výchozí hodnota `null` (prázdná) používá poloviční hodnotu zděděnou od `#C_Cpp.maxConcurrentThreads#`.",
	"c_cpp.configuration.codeAnalysis.maxMemory.markdownDescription": "Po překročení tohoto využití paměti (v MB) bude souběžně spuštěno méně procesů analýzy kódu. Výchozí hodnota `null` (prázdná) používá hodnotu zděděnou od `#C_Cpp.maxMemory#`.",
	"c_cpp.configuration.codeAnalysis.updateDelay.markdownDescription": "Určuje prodlevu v milisekundách před zahájením zpracování analýzy kódu po spuštění uložení z úpravy, když je `#files.autoSave#` `afterDelay` a `#C_Cpp.codeAnalysis.runAutomatically#` je `true`.",
	"c_cpp.configuration.codeAnalysis.exclude.markdownDescription": "Umožňuje nakonfigurovat vzory glob pro vyloučení složek a souborů pro analýzu kódu. Soubory mimo složku pracovního prostoru jsou vždy vyloučeny. Dědí hodnoty od `#files.exclude#` a `#C_Cpp.files.exclude#`. Další informace o vzorech glob [zde](https://code.visualstudio.com/docs/editor/codebasics#_advanced-search-options).",
	"c_cpp.configuration.codeAnalysis.excludeBoolean.markdownDescription": "Vzor glob pro hledání shod s cestami k souborům. Pokud chcete vzor povolit, nastavte hodnotu `true`, pokud ho chcete zakázat, nastavte hodnotu `false`.",
	"c_cpp.configuration.codeAnalysis.excludeWhen.markdownDescription": "Další kontrola položek na stejné úrovni u odpovídajícího souboru. Jako proměnnou názvu odpovídajícího souboru použijte `$(basename)`.",
	"c_cpp.configuration.codeAnalysis.runAutomatically.markdownDescription": "Pokud se nastaví na hodnotu `true`, analýza kódu se pro soubor spustí automaticky po jeho otevření nebo uložení.",
	"c_cpp.configuration.codeAnalysis.clangTidy.codeAction.showDisable.markdownDescription": "Pokud je hodnota `true`, akce Zakázat kód se zobrazí, pokud je k dispozici (při příštím spuštění analýzy kódu). Když se použije akce kódu Zakázat, přidá kód upozornění do nastavení `C_Cpp.codeAnalysis.clangTidy.checks.disabled`.",
	"c_cpp.configuration.codeAnalysis.clangTidy.codeAction.showDocumentation.markdownDescription": "Pokud je hodnota `true`, zobrazí se akce kódu Zobrazit dokumentaci pro, pokud je k dispozici (při příštím spuštění analýzy kódu).",
	"c_cpp.configuration.codeAnalysis.clangTidy.codeAction.showClear.description": "Určuje, které možnosti akce kódu Vymazat kódu analýzy jsou k dispozici. Změna nastavení tak, aby se zobrazilo více možností, může vyžadovat opětovné spuštění analýzy kódu.",
	"c_cpp.configuration.codeAnalysis.clangTidy.codeAction.showClear.None.description": "Nezobrazovat žádné akce kódu Vymazat.",
	"c_cpp.configuration.codeAnalysis.clangTidy.codeAction.showClear.AllOnly.description": "Zobrazit jenom akci kódu Vymazat vše (nebo Vymazat vše <type>, pokud existuje jenom jeden typ, nebo Vymazat toto, pokud je jenom jeden problém).",
	"c_cpp.configuration.codeAnalysis.clangTidy.codeAction.showClear.AllAndAllType.description": "Zobrazit akci kódu Vymazat vše (pokud existuje více typů problémů) a akci kódu Vymazat vše <type> (nebo Vymazat toto, pokud u <type> dochází pouze k jednomu problému)",
	"c_cpp.configuration.codeAnalysis.clangTidy.codeAction.showClear.AllAndAllTypeAndThis.description": "Zobrazení možnosti Vymazat vše (pokud existuje více typů problémů), Vymazat všechny <type> (pokud existuje více problémů pro <type>) a Vymazat tento kód",
	"c_cpp.configuration.codeAnalysis.clangTidy.codeAction.formatFixes.markdownDescription": "Pokud je hodnota `true`, formátování se spustí na řádcích změněných akcemi kódu 'Opravit'.",
	"c_cpp.configuration.codeAnalysis.clangTidy.enabled.markdownDescription": "Pokud `true`, bude analýza kódu pomocí `clang-tidy` povolena a spuštěna automaticky, pokud je `#C_Cpp.codeAnalysis.runAutomatically#` `true` (výchozí).",
	"c_cpp.configuration.codeAnalysis.clangTidy.path.markdownDescription": "Úplná cesta ke spustitelnému souboru `clang-tidy`. Pokud se nespecifikuje a `clang-tidy` je k dispozici na cestě prostředí, použije se. Pokud se na cestě prostředí nenajde, použije se kopie `clang-tidy`, která se dodává spolu s rozšířením.",
	"c_cpp.configuration.codeAnalysis.clangTidy.config.markdownDescription": "Určuje konfiguraci `clang-tidy` ve formátu YAML/JSON: `{Checks: '-*,clang-analyzer-*', CheckOptions: [{key: x, value: y}]}`. Když je hodnota prázdná, `clang-tidy` se pokusí najít soubor s názvem `.clang-tidy` pro každý zdrojový soubor v jeho nadřazených adresářích.",
	"c_cpp.configuration.codeAnalysis.clangTidy.fallbackConfig.markdownDescription": "Určuje konfiguraci `clang-tidy` ve formátu YAML/JSON, která se použije jako náhradní, když není nastavená konfigurace `#C_Cpp.codeAnalysis.clangTidy.config#` a nenašel se žádný soubor `.clang-tidy`: `{Checks: '-*,clang-analyzer-*', CheckOptions: [{key: x, value: y}]}`.",
	"c_cpp.configuration.codeAnalysis.clangTidy.headerFilter.markdownDescription": "Rozšířený regulární výraz POSIX (ERE) odpovídající názvům záhlaví pro výstup diagnostiky. Diagnostika z hlavního souboru každé jednotky překladu se vždy zobrazí. Proměnná `${workspaceFolder}` se podporuje (a používá se jako výchozí základní hodnota, pokud neexistuje žádný soubor `.clang-tidy`). Pokud tato možnost není `null` (prázdná), přepíše možnost `HeaderFilterRegex` v souboru `.clang-tidy`, pokud existuje.",
	"c_cpp.configuration.codeAnalysis.clangTidy.args.markdownDescription": "Další argumenty příkazového řádku, které se mají předat do `clang-tidy`. Mají přednost před ekvivalentním nastavením `C_Cpp.codeAnalysis.clangTidy.*`.",
	"c_cpp.configuration.codeAnalysis.clangTidy.useBuildPath.markdownDescription": "Pokud je nastavená hodnota `true` a `compileCommands`, argument `-p=<build-path>` se předá do `clang-tidy` místo toho, aby se argumenty sestavení předávaly po `--`. To nemusí fungovat, pokud proměnné prostředí nejsou nastaveny tak, aby bylo možné nalézt systémové zahrnutí.",
	"c_cpp.configuration.codeAnalysis.clangTidy.checks.enabled.markdownDescription": "Seznam povolených kontrol `clang-tidy`. Hodnoty jsou připojeny k hodnotě `Checks` v souboru `.clang-tidy` nebo `#C_Cpp.codeAnalysis.clangTidy.config#`, pokud existují. Pokud není explicitně zakázaná, použije se výchozí kontrola `clang-analyzer-*`.",
	"c_cpp.configuration.codeAnalysis.clangTidy.checks.disabled.markdownDescription": "Seznam zakázaných kontrol `clang-tidy`. Hodnoty jsou připojeny k hodnotě `Checks` v souboru `.clang-tidy` nebo `#C_Cpp.codeAnalysis.clangTidy.config#`, pokud existují.",
	"c_cpp.configuration.formatting.description": "Nakonfiguruje nástroj pro formátování.",
	"c_cpp.configuration.formatting.clangFormat.markdownDescription": "K formátování kódu se použije `clang-format`.",
	"c_cpp.configuration.formatting.vcFormat.markdownDescription": "K formátování kódu se použije nástroj formátování textu Visual C++.",
	"c_cpp.configuration.formatting.Default.markdownDescription": "Ve výchozím nastavení se k formátování kódu použije `clang-format` Pokud se ale blíže k formátovanému kódu najde soubor `.editorconfig` s relevantními nastaveními a `#C_Cpp.clang_format_style#` bude mít výchozí hodnotu `file`, použije se modul formátování Visual C++.",
	"c_cpp.configuration.formatting.Disabled.markdownDescription": "Formátování kódu bude zakázané.",
	"c_cpp.configuration.vcFormat.indent.braces.markdownDescription": "Složené závorky se odsazují mezerou zadanou v nastavení `#editor.tabSize#`.",
	"c_cpp.configuration.vcFormat.indent.multiLineRelativeTo.description": "Určuje, k čemu bude relativní odsazení nových řádků.",
	"c_cpp.configuration.vcFormat.indent.multiLineRelativeTo.outermostParenthesis.description": "Odsadí nový řádek relativně k nejzevnější levé závorce.",
	"c_cpp.configuration.vcFormat.indent.multiLineRelativeTo.innermostParenthesis.description": "Odsadí nový řádek relativně k nejvnitřnější levé závorce.",
	"c_cpp.configuration.vcFormat.indent.multiLineRelativeTo.statementBegin.description": "Odsadí nový řádek relativně k začátku aktuálního příkazu.",
	"c_cpp.configuration.vcFormat.indent.withinParentheses.markdownDescription": "Když se zadá nový řádek, zarovná se pod levou závorkou nebo podle hodnoty parametru `#C_Cpp.vcFormat.indent.multiLineRelativeTo#`.",
	"c_cpp.configuration.vcFormat.indent.withinParentheses.alignToParenthesis.markdownDescription": "Nový řádek se zarovná pod levou závorkou.",
	"c_cpp.configuration.vcFormat.indent.withinParentheses.indent.markdownDescription": "Nový řádek se odsadí podle hodnoty parametru `#C_Cpp.vcFormat.indent.multiLineRelativeTo#`.",
	"c_cpp.configuration.vcFormat.indent.preserveWithinParentheses.description": "V existujícím kódu se zachová stávající zarovnání odsazení nových řádků v závorkách.",
	"c_cpp.configuration.vcFormat.indent.caseLabels.markdownDescription": "Popisky se odsazují relativně k příkazům switch mezerou zadanou v nastavení `#editor.tabSize#`.",
	"c_cpp.configuration.vcFormat.indent.caseContents.markdownDescription": "Kód v bloku `case` se odsazuje relativně ke svému popisku mezerou zadanou v nastavení `#editor.tabSize#`.",
	"c_cpp.configuration.vcFormat.indent.caseContentsWhenBlock.markdownDescription": "Odsadit složené závorky za příkazem case mezerou zadanou v nastavení `#editor.tabSize#`.",
	"c_cpp.configuration.vcFormat.indent.lambdaBracesWhenParameter.markdownDescription": "Odsadit složené závorky výrazů lambda, které se používají jako parametry funkcí, relativně k začátku příkazu mezerou zadanou v nastavení `#editor.tabSize#`.",
	"c_cpp.configuration.vcFormat.indent.gotoLabels.description": "Pozice popisků goto.",
	"c_cpp.configuration.vcFormat.indent.gotoLabels.oneLeft.markdownDescription": "Popisky goto se umístí nalevo od aktuálního odsazení kódu mezerou zadanou v nastavení `#editor.tabSize#`.",
	"c_cpp.configuration.vcFormat.indent.gotoLabels.leftmostColumn.markdownDescription": "Popisky goto se umístí ke zcela levému okraji kódu.",
	"c_cpp.configuration.vcFormat.indent.gotoLabels.none.markdownDescription": "Popisky goto se nebudou formátovat.",
	"c_cpp.configuration.vcFormat.indent.preprocessor.description": "Pozice direktiv preprocesoru.",
	"c_cpp.configuration.vcFormat.indent.preprocessor.oneLeft.markdownDescription": "Direktivy preprocesoru se umístí nalevo od aktuálního odsazení kódu mezerou zadanou v nastavení `#editor.tabSize#`.",
	"c_cpp.configuration.vcFormat.indent.preprocessor.leftmostColumn.markdownDescription": "Direktivy preprocesoru se umístí ke zcela levému okraji kódu.",
	"c_cpp.configuration.vcFormat.indent.preprocessor.none.markdownDescription": "Direktivy preprocesoru se nebudou formátovat.",
	"c_cpp.configuration.vcFormat.indent.accessSpecifiers.markdownDescription": "Specifikátory přístupu jsou odsazené relativně k definicím tříd nebo struktur mezerou zadanou v nastavení `#editor.tabSize#`.",
	"c_cpp.configuration.vcFormat.indent.namespaceContents.markdownDescription": "Kód se odsazuje relativně ke svému uzavírajícímu oboru názvů mezerou zadanou v nastavení `#editor.tabSize#`.",
	"c_cpp.configuration.vcFormat.indent.preserveComments.description": "Při formátovacích operacích se nezmění odsazení komentářů.",
	"c_cpp.configuration.vcFormat.newLine.beforeOpenBrace.namespace.description": "Pozice levých složených závorek pro obory názvů.",
	"c_cpp.configuration.vcFormat.newLine.beforeOpenBrace.type.description": "Pozice levých složených závorek pro definice typů.",
	"c_cpp.configuration.vcFormat.newLine.beforeOpenBrace.lambda.description": "Pozice levých složených závorek pro funkce lambda.",
	"c_cpp.configuration.vcFormat.newLine.beforeOpenBrace.function.description": "Pozice levých složených závorek pro funkce.",
	"c_cpp.configuration.vcFormat.newLine.beforeOpenBrace.block.description": "Pozice levých složených závorek pro řídicí bloky.",
	"c_cpp.configuration.vcFormat.newLine.beforeOpenBrace.newLine.description": "Levá složená závorka se přesune na nový řádek.",
	"c_cpp.configuration.vcFormat.newLine.beforeOpenBrace.sameLine.description": "Levé složené závorky se zachovají na stejném řádku a před každou se přidá mezera.",
	"c_cpp.configuration.vcFormat.newLine.beforeOpenBrace.ignore.description": "Levé složené závorky se nebudou formátovat.",
	"c_cpp.configuration.vcFormat.newLine.scopeBracesOnSeparateLines.description": "Levé a pravé složené závorky pro obory se umístí na samostatné řádky.",
	"c_cpp.configuration.vcFormat.newLine.closeBraceSameLine.emptyType.description": "V případě prázdných typů se pravá závorka přesune na stejný řádek, na kterém je levá závorka.",
	"c_cpp.configuration.vcFormat.newLine.closeBraceSameLine.emptyFunction.description": "V případě prázdných těl funkcí se pravá závorka přesune na stejný řádek, na kterém je levá závorka.",
	"c_cpp.configuration.vcFormat.newLine.beforeCatch.markdownDescription": "`catch` a podobná klíčová slova se budou umísťovat na nový řádek.",
	"c_cpp.configuration.vcFormat.newLine.beforeElse.markdownDescription": "Klíčové slovo `else` se umístí na nový řádek.",
	"c_cpp.configuration.vcFormat.newLine.beforeWhileInDoWhile.markdownDescription": "Podmínka `while` ve smyčce `do`-`while` se umístí na nový řádek.",
	"c_cpp.configuration.vcFormat.space.beforeFunctionOpenParenthesis.description": "Mezery mezi názvy funkcí a levými závorkami seznamů argumentů.",
	"c_cpp.configuration.vcFormat.space.beforeFunctionOpenParenthesis.insert.description": "Před levou závorku funkce se přidá mezera.",
	"c_cpp.configuration.vcFormat.space.beforeFunctionOpenParenthesis.remove.description": "Odstraní se mezery před levými závorkami funkce.",
	"c_cpp.configuration.vcFormat.space.beforeFunctionOpenParenthesis.ignore.description": "Mezery zůstanou tak, jak se zadají.",
	"c_cpp.configuration.vcFormat.space.withinParameterListParentheses.description": "Přidá se mezera za levou závorku i před pravou závorku v seznamech parametrů funkcí.",
	"c_cpp.configuration.vcFormat.space.betweenEmptyParameterListParentheses.description": "Pokud je seznam parametrů funkce prázdný, vloží se mezera mezi jeho závorky.",
	"c_cpp.configuration.vcFormat.space.afterKeywordsInControlFlowStatements.description": "Mezi klíčové slovo a levou závorku v příkazech řízení toků se přidá mezera.",
	"c_cpp.configuration.vcFormat.space.withinControlFlowStatementParentheses.description": "Přidá se mezera za levou závorku i před pravou závorku v příkazech řízení toků.",
	"c_cpp.configuration.vcFormat.space.beforeLambdaOpenParenthesis.description": "Před levou závorku seznamů argumentů výrazů lambda se přidá mezera.",
	"c_cpp.configuration.vcFormat.space.withinCastParentheses.description": "Přidá se mezera za levou závorku i před pravou závorku přetypování ve stylu jazyka C.",
	"c_cpp.configuration.vcFormat.space.afterCastCloseParenthesis.description": "Za pravou závorku přetypování ve stylu jazyka C se přidá mezera.",
	"c_cpp.configuration.vcFormat.space.withinExpressionParentheses.description": "Přidá se mezera za levou závorku i před pravou závorku výrazu se závorkami.",
	"c_cpp.configuration.vcFormat.space.beforeBlockOpenBrace.description": "Před levé složené závorky bloků oborů se přidá mezera.",
	"c_cpp.configuration.vcFormat.space.betweenEmptyBraces.description": "Pokud jsou složené závorky prázdné a na stejném řádku, vloží se mezi ně mezera.",
	"c_cpp.configuration.vcFormat.space.beforeInitializerListOpenBrace.description": "Před levou závorku jednotné inicializace a seznamy inicializátorů se přidá mezera.",
	"c_cpp.configuration.vcFormat.space.withinInitializerListBraces.description": "Přidá se mezera za levou složenou závorku i před pravou složenou závorku jednotné inicializace a seznamů inicializátorů.",
	"c_cpp.configuration.vcFormat.space.preserveInInitializerList.description": "V jednotné inicializaci a seznamech inicializátorů se zachovají mezery kolem čárek.",
	"c_cpp.configuration.vcFormat.space.beforeOpenSquareBracket.description": "Před levé hranaté závorky se přidá mezera.",
	"c_cpp.configuration.vcFormat.space.withinSquareBrackets.description": "Přidá se mezera za levou hranatou závorku a taky před pravou hranatou závorku.",
	"c_cpp.configuration.vcFormat.space.beforeEmptySquareBrackets.description": "Přidá mezeru před levou závorku, pokud jsou hranaté závorky prázdné.",
	"c_cpp.configuration.vcFormat.space.betweenEmptySquareBrackets.description": "Pokud jsou hranaté závorky prázdné, vloží se mezi ně mezera.",
	"c_cpp.configuration.vcFormat.space.groupSquareBrackets.description": "Pro multidimenzionální pole se všechny mezery mezi hranatými závorkami odeberou. Další nastavení, která řídí mezery, se přepíšou.",
	"c_cpp.configuration.vcFormat.space.withinLambdaBrackets.description": "Přidá se mezera za levou hranatou závorku a taky před pravou hranatou závorku.",
	"c_cpp.configuration.vcFormat.space.betweenEmptyLambdaBrackets.description": "Pokud jsou hranaté závorky prázdné, vloží se mezi ně mezera.",
	"c_cpp.configuration.vcFormat.space.beforeComma.description": "Přidá se mezera před každou čárku.",
	"c_cpp.configuration.vcFormat.space.afterComma.description": "Přidá mezeru za každou čárku.",
	"c_cpp.configuration.vcFormat.space.removeAroundMemberOperators.description": "Mezery kolem operátorů pro přístup k členům, operátorů ukazatelů na členy a operátorů rozlišení oboru se odeberou.",
	"c_cpp.configuration.vcFormat.space.beforeInheritanceColon.description": "Před dvojtečku pro zděděné typy v definicích tříd se přidá mezera.",
	"c_cpp.configuration.vcFormat.space.beforeConstructorColon.description": "Před dvojtečku v definicích konstruktorů se přidá mezera.",
	"c_cpp.configuration.vcFormat.space.removeBeforeSemicolon.description": "Odeberou se mezery před všemi středníky.",
	"c_cpp.configuration.vcFormat.space.insertAfterSemicolon.description": "Za každý středník se vloží mezera.",
	"c_cpp.configuration.vcFormat.space.removeAroundUnaryOperator.description": "Mezery mezi unárními operátory a jejich operandy se odeberou.",
	"c_cpp.configuration.vcFormat.space.aroundBinaryOperator.description": "Mezery okolo binárních operátorů.",
	"c_cpp.configuration.vcFormat.space.aroundAssignmentOperator.description": "Mezery okolo operátorů přiřazení.",
	"c_cpp.configuration.vcFormat.space.pointerReferenceAlignment.description": "Mezery okolo operátorů ukazatelů a referencí.",
	"c_cpp.configuration.vcFormat.space.pointerReferenceAlignment.left.description": "Operátory ukazatelů a referencí se zarovnají doleva.",
	"c_cpp.configuration.vcFormat.space.pointerReferenceAlignment.center.description": "Operátory ukazatelů a referencí se zarovnají na střed.",
	"c_cpp.configuration.vcFormat.space.pointerReferenceAlignment.right.description": "Operátory ukazatelů a referencí se zarovnají doprava.",
	"c_cpp.configuration.vcFormat.space.pointerReferenceAlignment.ignore.description": "Operátory ukazatelů a referencí se nebudou formátovat.",
	"c_cpp.configuration.vcFormat.space.aroundTernaryOperator.description": "Mezery okolo podmíněných operátorů.",
	"c_cpp.configuration.vcFormat.space.aroundOperators.insert.description": "Před operátor a taky za něj se přidá mezera.",
	"c_cpp.configuration.vcFormat.space.aroundOperators.remove.description": "Odeberou se mezery před a za operátorem.",
	"c_cpp.configuration.vcFormat.space.aroundOperators.ignore.description": "Mezery zůstanou tak, jak se zadají.",
	"c_cpp.configuration.vcFormat.wrap.preserveBlocks.description": "Možnosti zalamování pro bloky.",
	"c_cpp.configuration.vcFormat.wrap.preserveBlocks.oneLiners.markdownDescription": "Celý blok kódu, který se zadá na jednom řádku, zůstane na jednom řádku bez ohledu na hodnoty kteréhokoli nastavení `C_Cpp.vcFormat.newLine.*`.",
	"c_cpp.configuration.vcFormat.wrap.preserveBlocks.allOneLineScopes.markdownDescription": "Jakýkoli kód, ve kterém se na jednom řádku zadají levá a pravá složená závorka, zůstane na jednom řádku bez ohledu na hodnoty kteréhokoli nastavení `C_Cpp.vcFormat.newLine.*`.",
	"c_cpp.configuration.vcFormat.wrap.preserveBlocks.never.markdownDescription": "Bloky kódu se budou vždy formátovat podle hodnot nastavení `C_Cpp.vcFormat.newLine.*`.",
	"c_cpp.configuration.clang_format_path.markdownDescription": "Úplná cesta ke spustitelnému souboru `clang-format`. Pokud se nespecifikuje a `clang-format` je k dispozici na cestě prostředí, použije se. Pokud se na cestě prostředí nenajde, použije se kopie `clang-format`, která se dodává spolu s rozšířením.",
	"c_cpp.configuration.clang_format_style.markdownDescription": "Styl kódování, v současné době se podporuje: `Visual Studio`, `LLVM`, `Google`, `Chromium`, `Mozilla`, `WebKit`, `Microsoft`, `GNU`. Pokud chcete načíst styl ze souboru `.clang-format` v aktuálním nebo nadřazeném adresáři, použijte možnost `file`. Pokud chcete zadat konkrétní parametry, použijte `{klíč: hodnota, ...}`. Například styl `Visual Studio` je podobný tomuto: `{ BasedOnStyle: LLVM, UseTab: Never, IndentWidth: 4, TabWidth: 4, BreakBeforeBraces: Allman, AllowShortIfStatementsOnASingleLine: false, IndentCaseLabels: false, ColumnLimit: 0, AccessModifierOffset: -4, NamespaceIndentation: All, FixNamespaceComments: false }`.",
	"c_cpp.configuration.clang_format_fallbackStyle.markdownDescription": "Název předdefinovaného stylu, který se použije jako záloha v případě, že se vyvolá `clang-format` se stylem `file`, ale nenajde se soubor `.clang-format`. Možné hodnoty jsou `Visual Studio`, `LLVM`, `Google`, `Chromium`, `Mozilla`, `WebKit`, `Microsoft`, `GNU`, `none`, případně můžete použít `{klíč: hodnota, ...}` a nastavit konkrétní parametry. Například styl `Visual Studio` je podobný tomuto: `{ BasedOnStyle: LLVM, UseTab: Never, IndentWidth: 4, TabWidth: 4, BreakBeforeBraces: Allman, AllowShortIfStatementsOnASingleLine: false, IndentCaseLabels: false, ColumnLimit: 0, AccessModifierOffset: -4, NamespaceIndentation: All, FixNamespaceComments: false }`.",
	"c_cpp.configuration.clang_format_sortIncludes.markdownDescription": "Pokud se nastaví, přepíše chování řazení vložených souborů určené parametrem `SortIncludes`.",
	"c_cpp.configuration.intelliSenseEngine.description": "Řídí poskytovatele technologie IntelliSense.",
	"c_cpp.configuration.intelliSenseEngine.default.description": "Poskytuje výsledky v kontextu prostřednictvím samostatného procesu IntelliSense.",
	"c_cpp.configuration.intelliSenseEngine.tagParser.description": "Poskytuje přibližné výsledky, které nejsou v kontextu.",
	"c_cpp.configuration.intelliSenseEngine.disabled.description": "Vypne funkce služby jazyka C/C++.",
	"c_cpp.configuration.intelliSenseEngineFallback.markdownDescription": "Určuje, jestli se modul IntelliSense automaticky přepne na analyzátor značek pro jednotky překladu, které obsahují chyby direktiv `#include`.",
	"c_cpp.configuration.autocomplete.markdownDescription": "Určuje poskytovatele automatického dokončování. Pokud je hodnota `Disabled` a chcete dokončování na základě slov, musíte nastavit také `\"[cpp]\": {\"editor.wordBasedSuggestions\": true}` (a podobně také pro jazyky `c` a `cuda-cpp`).",
	"c_cpp.configuration.autocomplete.default.description": "Používá aktivní modul IntelliSense.",
	"c_cpp.configuration.autocomplete.disabled.description": "Používá dokončování na základě slov, které nabízí Visual Studio Code.",
	"c_cpp.configuration.errorSquiggles.description": "Určuje, jestli budou podezřelé chyby kompilace zjištěné modulem IntelliSense hlášeny zpět editoru. Také řídí, zda jsou hlášena upozornění na analýzu kódu, pokud nelze najít zahrnutí. Modul analyzátoru značek toto nastavení ignoruje.",
	"c_cpp.configuration.dimInactiveRegions.description": "Určuje, jestli se neaktivní bloky preprocesoru zabarví jinak než aktivní kód. Toto nastavení nemá žádný vliv, pokud se zakáže IntelliSense nebo pokud se použije výchozí motiv Vysoký kontrast.",
	"c_cpp.configuration.inactiveRegionOpacity.markdownDescription": "Určuje neprůhlednost neaktivních bloků preprocesoru. Hodnoty spadají do rozsahu od `0,1 do `1,0`. Toto nastavení platí jen v případě, že je povolené ztmavování neaktivních oblastí.",
	"c_cpp.configuration.inactiveRegionForegroundColor.description": "Určuje barvení písma neaktivních bloků preprocesoru. Vstup má tvar šestnáctkového kódu barvy nebo platné barvy motivu. Pokud se nenastaví, výchozí nastavení je schéma barvení syntaxe v editoru. Toto nastavení platí jen v případě, že je povolené ztmavování neaktivních oblastí.",
	"c_cpp.configuration.inactiveRegionBackgroundColor.description": "Určuje barvení pozadí neaktivních bloků preprocesoru. Vstup má tvar šestnáctkového kódu barvy nebo platné barvy motivu. Pokud se nenastaví, výchozí nastavení je průhledné pozadí. Toto nastavení platí jen v případě, že je povolené ztmavování neaktivních oblastí.",
	"c_cpp.configuration.inlayHints.autoDeclarationTypes.enabled.markdownDescription": "Zobrazit pomocné parametry vloženého kódu pro odvozený typ, když se v deklaraci používá `auto`:\n```cpp \n\n auto index /* : int */ = 0;\n```",
	"c_cpp.configuration.inlayHints.autoDeclarationTypes.showOnLeft.markdownDescription": "Zobrazit pomocné parametry vloženého kódu pro odvozený typ, když se v deklaraci na levé straně identifikátoru používá `auto`:\n```cpp \n\n auto /* int */ index = 0;\n```",
	"c_cpp.configuration.inlayHints.parameterNames.enabled.markdownDescription": "Zobrazit pomocné parametry vloženého kódu pro názvy parametrů:\n```cpp \n\n int a = getArea(/* width: */ x, /* height: */ y);\n```",
	"c_cpp.configuration.inlayHints.parameterNames.hideLeadingUnderscores.markdownDescription": "Skryje úvodní `_` v pomocných parametrech pro názvy parametrů.",
	"c_cpp.configuration.inlayHints.parameterNames.suppressWhenArgumentContainsName.markdownDescription": "Potlačit pomocné parametry názvu parametru, pokud text argumentu nebo vložený komentář obsahuje název parametru:\n```cpp \n\n int a = getArea(width, /* height: */ y);\n```",
	"c_cpp.configuration.inlayHints.referenceOperator.enabled.markdownDescription": "Zobrazí operátor odkazu na pomocný parametr vloženého kódu `&` pro parametry předané nekonstantním odkazem:\n```cpp \n\n swap(/* & first: */ str1, /* & last: */ str2);\n```",
	"c_cpp.configuration.inlayHints.referenceOperator.showSpace.markdownDescription": "Určuje, jestli se za znakem `&` u parametrů, předaných nekonstantním odkazem, zobrazí mezera:\n```cpp \n\n swap(/* & first: */ str1, /* & last: */ str2);\n```",
	"c_cpp.configuration.loggingLevel.markdownDescription": "Úroveň podrobností protokolování panelu výstupu. Pořadí úrovní od nejméně podrobné po nejpodrobnější je toto: `None` < `Error` < `Warning` < `Information` < `Debug`.",
	"c_cpp.configuration.autoAddFileAssociations.markdownDescription": "Určuje, jestli se soubory automaticky přidají do `#files.associations#`, když budou cílem operace navigace ze souboru C/C++.",
	"c_cpp.configuration.workspaceParsingPriority.markdownDescription": "Určuje, jestli parsování neaktivních souborů pracovního prostoru použije operace čekání, aby se procesor nevyužíval na 100 %. Hodnoty `highest`/`high`/`medium`/`low` odpovídají přibližně 100/75/50/25 % využití procesoru.",
	"c_cpp.configuration.workspaceSymbols.description": "Symboly, které se mají zahrnout do výsledků dotazů, když se zavolá operace Přejít na symbol v pracovním prostoru",
	"c_cpp.configuration.exclusionPolicy.markdownDescription": "Dává rozšíření pokyn, kdy se při určování, které soubory se mají přidat do databáze navigace v kódu při průchodu cestami v poli browse.path, má používat nastavení `#files.exclude#` (a `#C_Cpp.files.exclude#`). Pokud vaše nastavení `#files.exclude#` obsahuje jen složky, `checkFolders` je nejlepší volbou, která zvýší rychlost, jakou rozšíření může inicializovat databázi navigace v kódu.",
	"c_cpp.configuration.exclusionPolicy.checkFolders.description": "Filtry vyloučení se vyhodnotí pro každou složku jen jednou (jednotlivé soubory se nekontrolují).",
	"c_cpp.configuration.exclusionPolicy.checkFilesAndFolders.description": "Filtry vyloučení se vyhodnotí pro každý soubor a složku, které se vyskytnou.",
	"c_cpp.configuration.preferredPathSeparator.markdownDescription": "Znak, který se použije jako oddělovač cest pro výsledky automatického dokončení direktiv `#include`",
	"c_cpp.configuration.simplifyStructuredComments.markdownDescription": "Když se tato možnost nastaví na `true`, popisky ovládacích prvků po najetí myší a automatické dokončování budou zobrazovat jen určité popisky strukturovaných komentářů. Jinak se budou zobrazovat všechny komentáře.",
	"c_cpp.configuration.doxygen.generateOnType.description": "Určuje, jestli se má po zadání zvoleného stylu komentáře automaticky vložit komentář Doxygen.",
	"c_cpp.configuration.doxygen.generatedStyle.description": "Řetězec znaků použitý jako počáteční řádek komentáře Doxygen.",
	"c_cpp.configuration.commentContinuationPatterns.items.anyof.string.markdownDescription": "Vzor, který zahájí víceřádkový nebo jednořádkový blok komentáře. Výchozí vzor pro pokračování je pro víceřádkové bloky komentářů ` * `, nebo tento řetězec pro jednořádkové bloky.",
	"c_cpp.configuration.commentContinuationPatterns.items.anyof.object.begin.description": "Vzor, který zahájí víceřádkový nebo jednořádkový blok komentáře",
	"c_cpp.configuration.commentContinuationPatterns.items.anyof.object.continue.description": "Text, který se vloží na další řádek, když se ve víceřádkovém nebo jednořádkovém bloku komentáře stiskne klávesa Enter.",
	"c_cpp.configuration.commentContinuationPatterns.description": "Definuje chování editoru, když se ve víceřádkovém nebo jednořádkovém bloku komentáře stiskne klávesa Enter.",
	"c_cpp.configuration.configurationWarnings.description": "Určuje, jestli se budou zobrazovat automaticky otevíraná oznámení, když rozšíření poskytovatele konfigurací nebude moct poskytnout konfiguraci pro určitý zdrojový soubor.",
	"c_cpp.configuration.intelliSenseCachePath.markdownDescription": "Definuje cestu ke složce pro předkompilované hlavičky uložené do mezipaměti, které používá IntelliSense. Výchozí cesta k mezipaměti je `%LocalAppData%/Microsoft/vscode-cpptools` ve Windows, `$XDG_CACHE_HOME/vscode-cpptools/` v Linuxu (případně `$HOME/.cache/vscode-cpptools/`, pokud se nedefinovalo `XDG_CACHE_HOME`) a `$HOME/Library/Caches/vscode-cpptools/` na Macu. Výchozí cesta se použije, když není zadaná žádná cesta nebo když zadaná cesta nebude platná.",
	"c_cpp.configuration.intelliSenseCacheSize.markdownDescription": "Maximální velikost místa na pevném disku pro předkompilované hlavičky uložené do mezipaměti na jeden pracovní prostor v megabajtech (MB). Skutečné využití se může pohybovat kolem této hodnoty. Výchozí velikost je `5120` MB. Když se velikost nastaví na `0`, ukládání předkompilovaných hlaviček do mezipaměti se zakáže.",
	"c_cpp.configuration.intelliSenseMemoryLimit.markdownDescription": "Omezení využití paměti v megabajtech (MB) procesu IntelliSense. Výchozí je `4096` a maximum je `16384`. Rozšíření se vypne a restartuje proces IntelliSense, pokud limit překročí.",
	"c_cpp.configuration.intelliSenseUpdateDelay.description": "Určuje prodlevu v milisekundách, než se po úpravě začne aktualizovat IntelliSense.",
	"c_cpp.configuration.default.includePath.markdownDescription": "Hodnota, která se použije v konfiguraci, když se v souboru `c_cpp_properties.json nezadá `includePath`. Pokud se `includePath` zadá, přidejte do pole `${default}`, aby se vložily hodnoty z tohoto nastavení. Obvykle by se neměly zahrnovat systémové vložené soubory. Místo toho nastavte `#C_Cpp.default.compilerPath#`.",
	"c_cpp.configuration.default.defines.markdownDescription": "Hodnota, která se použije v konfiguraci, pokud se nezadá `defines`, nebo hodnoty, které se mají vložit, pokud se v `defines` nachází `${default}`",
	"c_cpp.configuration.default.macFrameworkPath.markdownDescription": "Hodnota, která se použije v konfiguraci, pokud se nezadá `macFrameworkPath`, nebo hodnoty, které se mají vložit, pokud se ve `macFrameworkPath` nachází `${default}`.",
	"c_cpp.configuration.default.windowsSdkVersion.markdownDescription": "Verze cesty pro vložené soubory sady Windows SDK, která se má použít ve Windows, např. `10.0.17134.0`.",
	"c_cpp.configuration.default.compileCommands.markdownDescription": "Hodnota, která se použije v konfiguraci, pokud se nezadá `compileCommands` nebo pokud se nastaví na `${default}`.",
	"c_cpp.configuration.default.forcedInclude.markdownDescription": "Hodnota, která se použije v konfiguraci, pokud se nezadá `forcedInclude`, nebo hodnoty, které se mají vložit, pokud se ve `forcedInclude` nachází `${default}`.",
	"c_cpp.configuration.default.intelliSenseMode.markdownDescription": "Hodnota, která se použije v konfiguraci, pokud se nezadá `intelliSenseMode` nebo pokud se nastaví na `${default}`.",
	"c_cpp.configuration.default.compilerPath.markdownDescription": "Hodnota, která se použije v konfiguraci, pokud se nezadá `compilerPath`nebo pokud se nastaví na `${default}`.",
	"c_cpp.configuration.default.compilerArgs.markdownDescription": "Hodnota, která se použije v konfiguraci, pokud se nezadá `compilerArgs` nebo pokud se nastaví na `${default}`.",
	"c_cpp.configuration.default.cStandard.markdownDescription": "Hodnota, která se použije v konfiguraci, pokud se nezadá `cStandard` nebo pokud se nastaví na `${default}`.",
	"c_cpp.configuration.default.cppStandard.markdownDescription": "Hodnota, která se použije v konfiguraci, pokud se nezadá `cppStandard` nebo pokud se nastaví na `${default}`.",
	"c_cpp.configuration.default.configurationProvider.markdownDescription": "Hodnota, která se použije v konfiguraci, pokud se nezadá `configurationProvider` nebo pokud se nastaví na `${default}`.",
	"c_cpp.configuration.default.mergeConfigurations.markdownDescription": "Nastavte možnost `true`, pokud chcete sloučit cesty k zahrnutým souborům, direktivy define a vynucená zahrnutí s těmi od poskytovatele konfigurace.",
	"c_cpp.configuration.default.browse.path.markdownDescription": "Hodnota, která se použije v konfiguraci, pokud se nezadá `browse.path`, nebo hodnoty, které se mají vložit, pokud se v `browse.path` nachází `${default}`.",
	"c_cpp.configuration.default.browse.databaseFilename.markdownDescription": "Hodnota, která se použije v konfiguraci, pokud se nezadá `browse.databaseFilename` nebo pokud se nastaví na `${default}`",
	"c_cpp.configuration.default.browse.limitSymbolsToIncludedHeaders.markdownDescription": "Hodnota, která se použije v konfiguraci, pokud se nezadá `browse.limitSymbolsToIncludedHeaders` nebo pokud se nastaví na `${default}`.",
	"c_cpp.configuration.default.systemIncludePath.markdownDescription": "Hodnota, která se použije pro systémovou cestu pro vložené soubory. Pokud se nastaví, přepíše systémovou cestu pro vložené soubory získanou z nastavení `compilerPath` a `compileCommands`.",
	"c_cpp.configuration.default.enableConfigurationSquiggles.markdownDescription": "Určuje, jestli rozšíření ohlásí chyby zjištěné v souboru `c_cpp_properties.json`.",
	"c_cpp.configuration.default.customConfigurationVariables.markdownDescription": "Hodnota, která se použije v konfiguraci, pokud se nenastaví `customConfigurationVariables`, nebo hodnoty, které se mají vložit, pokud se v `customConfigurationVariables` jako klíč nachází `${default}`.",
	"c_cpp.configuration.updateChannel.markdownDescription": "Pokud chcete automaticky stahovat a instalovat nejnovější sestavení rozšíření v programu Insider, která zahrnují připravované funkce a opravy chyb, nastavte možnost `Insiders`.",
	"c_cpp.configuration.updateChannel.deprecationMessage": "Toto nastavení je zastaralé. Předběžné verze rozšíření jsou teď dostupné přes Marketplace.",
	"c_cpp.configuration.default.dotConfig.markdownDescription": "Hodnota, která se použije v konfiguraci, pokud se nezadá `dotConfig`, nebo hodnota, která se má vložit, pokud se v `dotConfig` nachází `${default}`",
	"c_cpp.configuration.experimentalFeatures.description": "Určuje, jestli je možné použít experimentální funkce.",
	"c_cpp.configuration.suggestSnippets.markdownDescription": "Pokud se nastaví na `true`, jazykový server poskytne fragmenty kódu.",
	"c_cpp.configuration.caseSensitiveFileSupport.markdownDescription": {
		"message": "If set to `default`, the file system of the workspace is assumed to be case insensitive on Windows and case sensitive on macOS or Linux. If set to `enabled`, the file system of the workspace is assumed to be case sensitive on Windows.",
		"comment": [
			"Markdown text between `` should not be translated or localized (they represent literal text) and the capitalization, spacing, and punctuation (including the ``) should not be altered."
		]
	},
	"c_cpp.configuration.enhancedColorization.markdownDescription": "Když se tato možnost povolí, kód se bude obarvovat podle IntelliSense. Toto nastavení se použije jen v případě, že možnost `#C_Cpp.intelliSenseEngine#` je nastavená na `Default`.",
	"c_cpp.configuration.codeFolding.description": "Když se tato možnost povolí, rozsahy sbalování kódu bude poskytovat jazykový server.",
	"c_cpp.configuration.vcpkg.enabled.markdownDescription": "Povolte integrační služby pro [správce závislostí vcpkg](https://aka.ms/vcpkg/).",
	"c_cpp.configuration.addNodeAddonIncludePaths.markdownDescription": "Pokud existují závislosti, přidejte cesty pro zahrnuté soubory z `nan` a `node-addon-api`.",
	"c_cpp.configuration.renameRequiresIdentifier.markdownDescription": "Když se tato hodnota nastaví na `true`, operace Přejmenovat symbol bude vyžadovat platný identifikátor C/C++.",
	"c_cpp.configuration.autocompleteAddParentheses.markdownDescription": "Pokud je hodnota `true`, automatické dokončování automaticky přidá za volání funkcí znak `(`. V takovém případě se může přidat i znak `)`, což záleží na hodnotě nastavení `#editor.autoClosingBrackets#`.",
	"c_cpp.configuration.filesExclude.markdownDescription": "Nakonfigurujte vzory glob pro vyloučení složek (a souborů, pokud se změní `#C_Cpp.exclusionPolicy#`). Ty jsou specifické pro rozšíření C/C++ a doplňují `#files.exclude#`, ale na rozdíl od `#files.exclude#` platí také pro cesty mimo aktuální složku pracovního prostoru a neodebírají se ze zobrazení Průzkumníka. Další informace o vzorech glob najdete [tady](https://code.visualstudio.com/docs/editor/codebasics#_advanced-search-options).",
	"c_cpp.configuration.filesExcludeBoolean.markdownDescription": "Vzor glob pro hledání shod s cestami k souborům. Pokud chcete vzor povolit, nastavte hodnotu `true`, pokud ho chcete zakázat, nastavte hodnotu `false`.",
	"c_cpp.configuration.filesExcludeWhen.markdownDescription": "Další kontrola položek na stejné úrovni u odpovídajícího souboru. Jako proměnnou názvu odpovídajícího souboru použijte `$(basename)`.",
	"c_cpp.configuration.debugger.useBacktickCommandSubstitution.markdownDescription": "Když se nastaví na `true`, nahrazování příkazů shellu ladicího programu bude používat starou verzi obrácené čárky ``(`)``.",
	"c_cpp.configuration.legacyCompilerArgsBehavior.markdownDescription": "V nastaveních argumentu kompilátoru povolte chování starší verze než 1.10.0 pro zpracování escapování shellu. Počínaje verzí 1.10.0 se escapování shellu v polích argumentů ve výchozím nastavení neočekává ani nepodporuje.",
	"c_cpp.configuration.legacyCompilerArgsBehavior.deprecationMessage": "Toto nastavení je dočasné, aby podporovalo přechod na opravené chování ve verzi 1.10.0.",
	"c_cpp.contributes.views.cppReferencesView.title": "C/C++: výsledky jiných odkazů",
	"c_cpp.contributes.views.sshTargetsView.title": {
		"message": "Cpptools: SSH targets",
		"comment": [
			"Do not localize `Cpptools`."
		]
	},
	"c_cpp.contributes.viewsWelcome.contents": "Další informace o launch.json najdete tady: [konfigurace C/C++ ladění](https://code.visualstudio.com/docs/cpp/launch-json-reference).",
	"c_cpp.configuration.debugShortcut.description": "Zobrazit tlačítko pro přehrávání Spustit a ladit a ozubené kolečko Přidat konfiguraci ladění v záhlaví editoru pro soubory C++.",
	"c_cpp.debuggers.pipeTransport.description": "Pokud je k dispozici, předá ladicímu programu informaci, aby se připojil ke vzdálenému počítači pomocí dalšího spustitelného souboru jako kanál, který bude přenášet standardní vstup a výstup mezi nástrojem VS Code a spustitelným souborem back-endu ladicího programu s podporou MI (třeba gdb).",
	"c_cpp.debuggers.pipeTransport.default.pipeProgram": "zadejte absolutní cestu k názvu programu kanálu, například /usr/bin/ssh.",
	"c_cpp.debuggers.pipeTransport.default.debuggerPath": "Úplná cesta k ladicímu programu na cílovém počítači, například /usr/bin/gdb",
	"c_cpp.debuggers.pipeTransport.debuggerPath.description": "Úplná cesta k ladicímu programu na cílovém počítači, například /usr/bin/gdb",
	"c_cpp.debuggers.pipeTransport.pipeCwd.description": "Plně kvalifikovaná cesta k pracovnímu adresáři pro cílový program",
	"c_cpp.debuggers.pipeTransport.pipeProgram.description": "Plně kvalifikovaný příkaz kanálu, který se má provést",
	"c_cpp.debuggers.pipeTransport.pipeArgs.description": "Argumenty příkazového řádku, které se předávají do cílového programu, aby se nakonfigurovalo připojení",
	"c_cpp.debuggers.pipeTransport.pipeEnv.description": "Proměnné prostředí, které se předávají do cílového programu",
	"c_cpp.debuggers.pipeTransport.quoteArgs.description": "Pokud jednotlivé argumenty pro pipeProgram obsahují znaky (například mezery nebo tabulátory), mají se používat uvozovky? Pokud je hodnota 'false', nebudou se už v příkazu ladicího programu automaticky používat uvozovky. Výchozí hodnota je 'true'.",
	"c_cpp.debuggers.logging.description": "Nepovinné příznaky, které určují, které typy zpráv se mají protokolovat do konzoly ladění",
	"c_cpp.debuggers.logging.exceptions.description": "Nepovinný příznak, který určuje, jestli se do konzoly ladění mají protokolovat zprávy výjimek. Výchozí hodnota je true.",
	"c_cpp.debuggers.logging.moduleLoad.description": "Nepovinný příznak, který určuje, jestli se do konzoly ladění mají protokolovat události načítání modulu. Výchozí hodnota je true.",
	"c_cpp.debuggers.logging.programOutput.description": "Nepovinný příznak, který určuje, jestli se do konzoly ladění má protokolovat výstup programu. Výchozí hodnota je true.",
	"c_cpp.debuggers.logging.engineLogging.description": "Nepovinný příznak, který určuje, jestli se do konzoly ladění mají protokolovat diagnostické zprávy ladicího stroje. Výchozí hodnota je false.",
	"c_cpp.debuggers.logging.trace.description": "Nepovinný příznak, který určuje, jestli se do konzoly ladění má protokolovat trasování příkazů diagnostického adaptéru. Výchozí hodnota je false.",
	"c_cpp.debuggers.logging.traceResponse.description": "Nepovinný příznak, který určuje, jestli se do konzoly ladění má protokolovat trasování příkazů a odpovědí diagnostického adaptéru. Výchozí hodnota je false.",
	"c_cpp.debuggers.cppvsdbg.logging.threadExit.description": "Volitelný příznak, který určuje, jestli se do konzoly ladění mají protokolovat kódy ukončení vlákna. Výchozí hodnota: false.",
	"c_cpp.debuggers.cppvsdbg.logging.processExit.description": "Volitelný příznak, který určuje, jestli se do konzoly ladění mají protokolovat kódy ukončení cílového procesu. Výchozí hodnota: false.",
	"c_cpp.debuggers.text.description": "Příkaz ladicího programu, který se má provést",
	"c_cpp.debuggers.description.description": "Volitelný popis příkazu",
	"c_cpp.debuggers.ignoreFailures.description": "Pokud má hodnotu true, měla by se ignorovat selhání z daného příkazu. Výchozí hodnota je false.",
	"c_cpp.debuggers.program.description": "Úplná cesta ke spustitelnému souboru programu",
	"c_cpp.debuggers.args.description": "Argumenty příkazového řádku, které se předávají do programu",
	"c_cpp.debuggers.cppdbg.type.description": "Typ modulu. Musí to být cppdbg.",
	"c_cpp.debuggers.cppvsdbg.type.description": "Typ modulu. Musí to být cppvsdbg.",
	"c_cpp.debuggers.targetArchitecture.description": "Architektura laděného procesu. Pokud tento parametr není nastavený, automaticky se rozpozná. Povolené hodnoty jsou x86, arm, arm64, mips, x64, amd64, x86_64.",
	"c_cpp.debuggers.cwd.description": "Pracovní adresář cíle",
	"c_cpp.debuggers.setupCommands.description": "Jeden nebo více příkazů GDB/LLDB, které se mají provést, aby se nastavil odpovídající ladicí program. Příklad: \"setupCommands\": [ { \"text\": \"-enable-pretty-printing\", \"description\": \"Enable GDB pretty printing\", \"ignoreFailures\": true }]",
	"c_cpp.debuggers.postRemoteConnectCommands.description": "Jeden nebo více příkazů, které se spustí po vzdáleném připojení k ladicímu serveru.",
	"c_cpp.debuggers.customLaunchSetupCommands.description": "Pokud je k dispozici, nahradí výchozí příkazy, které se používají ke spuštění cíle, nějakými jinými příkazy. Může to být například \"-target-attach\", který slouží pro připojení k cílovému procesu. Prázdný seznam příkazů nenahrazuje příkazy spuštění ničím, což může být užitečné, když ladicí program poskytuje možnosti spuštění jako možnosti příkazového řádku. Příklad: \"customLaunchSetupCommands\": [ { \"text\": \"target-run\", \"description\": \"run target\", \"ignoreFailures\": false }]",
	"c_cpp.debuggers.launchCompleteCommand.description": "Příkaz, který se provede po úplném nastavení ladicího programu a způsobí spuštění cílového procesu. Povolené hodnoty jsou exec-run, exec-continue, None. Výchozí hodnota je exec-run.",
	"c_cpp.debuggers.cppdbg.visualizerFile.description": "Soubor .natvis, který se použije při ladění tohoto procesu. Tato možnost není kompatibilní s přehledným výpisem GDB. Pokud používáte toto nastavení, podívejte se i na showDisplayString.",
	"c_cpp.debuggers.cppdbg.svdPath.description": "Úplná cesta k souboru SVD vloženého zařízení.",
	"c_cpp.debuggers.cppvsdbg.visualizerFile.description": "Soubor .natvis, který se použije při ladění tohoto procesu.",
	"c_cpp.debuggers.showDisplayString.description": "Když se zadá visualizerFile, showDisplayString povolí zobrazovaný řetězec. Když se tato možnost zapne, může to způsobit nižší výkon při ladění.",
	"c_cpp.debuggers.environment.description": "Proměnné prostředí, které se mají přidat do prostředí pro program. Příklad: [ { \"name\": \"config\", \"value\": \"Debug\" } ], ne [ { \"config\": \"Debug\" } ].",
	"c_cpp.debuggers.envFile.description": "Absolutní cesta k souboru, který obsahuje definice proměnných prostředí. Tento soubor obsahuje na každém řádku pár klíč-hodnota rozdělený symbolem rovná se. Např. KLÍČ=HODNOTA.",
	"c_cpp.debuggers.additionalSOLibSearchPath.description": "Seznam středníkem oddělených adresářů, ve kterých se budou hledat soubory .so. Příklad: c:\\dir1;c:\\dir2",
	"c_cpp.debuggers.MIMode.description": "Určuje ladicí program konzoly, ke kterému se připojí MIDebugEngine. Povolené hodnoty jsou gdb a lldb.",
	"c_cpp.debuggers.miDebuggerPath.description": "Cesta k ladicímu programu MI (třeba gdb). Pokud se nezadá, vyhledá se pro ladicí program nejdříve cesta.",
	"c_cpp.debuggers.miDebuggerArgs.description": "Další argumenty pro ladicí program MI (třeba gdb)",
	"c_cpp.debuggers.miDebuggerServerAddress.description": "Síťová adresa MI Debugger Serveru, ke kterému se má připojit (příklad: localhost:1234)",
	"c_cpp.debuggers.useExtendedRemote.description": "Připojení k serveru ladicího programu MI přes cílový rozšířený vzdálený režim.",
	"c_cpp.debuggers.stopAtEntry.description": "Nepovinný parametr. Když se nastaví na true, ladicí program by se měl zastavit u vstupního bodu cíle. Pokud se předá processId, nemá parametr žádný vliv.",
	"c_cpp.debuggers.debugServerPath.description": "Volitelná úplná cesta k ladicímu serveru, který se má spustit. Výchozí hodnota je null. Používá se ve spojení buď s miDebugServerAddress, nebo s vlastním serverem s customSetupCommand, na kterém běží \"-target-select remote <server:port>\".",
	"c_cpp.debuggers.debugServerArgs.description": "Volitelné argumenty ladicího serveru. Výchozí hodnota je null.",
	"c_cpp.debuggers.serverStarted.description": "Volitelný vzorek spuštěný na serveru, který se má vyhledat ve výstupu ladicího serveru. Výchozí hodnota je null.",
	"c_cpp.debuggers.filterStdout.description": "Vyhledá ve vzorku spuštěném na serveru stream stdout a zaznamená stdout do výstupu ladění. Výchozí hodnota je true.",
	"c_cpp.debuggers.filterStderr.description": "Vyhledá ve vzorku spuštěném na serveru stream stderr a zaznamená stderr do výstupu ladění. Výchozí hodnota je false.",
	"c_cpp.debuggers.serverLaunchTimeout.description": "Volitelný čas (v milisekundách) čekání ladicího programu, než se spustí debugServer. Výchozí hodnota je 10000.",
	"c_cpp.debuggers.coreDumpPath.description": "Volitelná úplná cesta k základnímu souboru výpisu pro zadaný program. Výchozí hodnota je null.",
	"c_cpp.debuggers.cppdbg.externalConsole.description": "Pokud se nastaví na true, spustí se pro laděný proces konzola. Pokud se nastaví hodnota false, v Linuxu a ve Windows se zobrazí integrovaná konzola.",
	"c_cpp.debuggers.cppvsdbg.externalConsole.description": "[Zastaralé kvůli console] Pokud se nastaví na true, spustí se pro laděný proces konzola. Pokud se nastaví hodnota false, konzola se nespustí.",
	"c_cpp.debuggers.cppvsdbg.console.description": "Umístění, na kterém se má spustit cíl ladění. Když se nedefinuje, výchozí hodnota bude internalConsole.",
	"c_cpp.debuggers.cppvsdbg.console.internalConsole.description": "Výstup do konzoly ladění VS Code. Nepodporuje čtení vstupu konzoly (např. std::cin nebo scanf).",
	"c_cpp.debuggers.cppvsdbg.console.integratedTerminal.description": "Integrovaný terminál VS Code.",
	"c_cpp.debuggers.cppvsdbg.console.externalTerminal.description": "Konzolové aplikace se spustí v externím okně terminálu. Okno se znovu použije ve scénářích opětovného spuštění a po ukončení aplikace se automaticky nezavře.",
	"c_cpp.debuggers.cppvsdbg.console.newExternalWindow.description": "Konzolové aplikace se spustí ve vlastním externím okně konzoly, které se ukončí, až se aplikace zastaví. Aplikace, které konzolové nejsou, se spustí bez terminálu a stdout a stderr se budou ignorovat.",
	"c_cpp.debuggers.avoidWindowsConsoleRedirection.description": "Pokud se nastaví na true, zakáže přesměrování konzoly laděného procesu, které se vyžaduje pro podporu integrovaného terminálu.",
	"c_cpp.debuggers.sourceFileMap.description": "Nepovinná mapování zdrojových souborů předaná ladicímu stroji. Příklad: { \"/original/source/path\":\"/current/source/path\" }.",
	"c_cpp.debuggers.processId.anyOf.description": "Nepovinné ID procesu, ke kterému se má ladicí program připojit. Pokud chcete získat seznam místních spuštěných procesů, ke kterým se dá připojit, použijte ${command:pickProcess}. Poznámka: Některé platformy vyžadují pro připojení k procesu oprávnění správce.",
	"c_cpp.debuggers.symbolSearchPath.description": "Seznam středníkem oddělených adresářů, ve kterých se budou hledat soubory symbolů (tj. soubory pdb). Příklad: c:\\dir1;c:\\dir2",
	"c_cpp.debuggers.dumpPath.description": "Volitelná úplná cesta k souboru výpisu pro zadaný program. Příklad: c:\\temp\\app.dmp. Výchozí hodnota je null.",
	"c_cpp.debuggers.enableDebugHeap.description": "Když se nastaví na false, proces se spustí se zakázanou haldou ladění. Tato možnost nastaví proměnnou prostředí _NO_DEBUG_HEAP na 1.",
	"c_cpp.debuggers.symbolLoadInfo.description": "Explicitní řízení načítání symbolů",
	"c_cpp.debuggers.symbolLoadInfo.loadAll.description": "V případě hodnoty true se načtou symboly pro všechny knihovny (lib), jinak se nenačtou žádné symboly solib. Výchozí hodnota je true.",
	"c_cpp.debuggers.symbolLoadInfo.exceptionList.description": "Seznam názvů souborů (s povolenými zástupnými znaky) oddělených středníky (;). Upraví chování pro LoadAll. Hodnota true pro LoadAll znamená, že se nemají načítat symboly pro knihovny (lib), které odpovídají libovolnému názvu v seznamu. V opačném případě se mají načíst symboly pro všechny odpovídající knihovny. Příklad: foo.so;bar.so.",
	"c_cpp.debuggers.requireExactSource.description": "Volitelný příznak, který vyžaduje, aby aktuální zdrojový kód odpovídal souboru pdb",
	"c_cpp.debuggers.stopAtConnect.description": "Pokud je hodnota true, ladicí program by měl po připojení k cíli zastavit. Pokud je hodnota false, ladicí program bude pokračovat po připojení. Výchozí hodnota je false.",
	"c_cpp.debuggers.hardwareBreakpoints.description": "Explicitní řízení chování zarážek hardwaru pro vzdálené cíle.",
	"c_cpp.debuggers.hardwareBreakpoints.require.description": "Pokud je hodnota true, vždy používejte hardwarové zarážky. Výchozí hodnota je false.",
	"c_cpp.debuggers.hardwareBreakpoints.limit.description": "Volitelný limit počtu dostupných hardwarových zarážek, které se mají použít. Vynucuje se jenom v případě, že hodnota \"require\" je true a \"limit\" je větší než 0. Výchozí hodnota je 0.",
	"c_cpp.debuggers.variables.description": "Proměnná pro rekurzivní nahrazování v této konfiguraci spuštění. Každá proměnná může odkazovat na jiné proměnné.",
	"c_cpp.debuggers.variables.properties.description": "Proměnná pro rekurzivní nahrazování v této konfiguraci spuštění. Hodnota může odkazovat na jiné proměnné.",
	"c_cpp.debuggers.host.description": "Informace o hostiteli.",
	"c_cpp.debuggers.host.user.description": "Uživatel se přihlašuje k hostiteli.",
	"c_cpp.debuggers.host.hostName.description": "Název hostitele.",
	"c_cpp.debuggers.host.port.description": "Port SSH na hostiteli. Výchozí hodnota je 22.",
	"c_cpp.debuggers.host.jumpHost.description": "Připojte se k cílovému hostiteli tak, že nejdříve vytvoříte připojení k hostitelům přeskakování.",
	"c_cpp.debuggers.host.localForward.description": "Přesměrovat připojení k danému portu TCP nebo soketu Unixu na místním (klientském) hostiteli na daného hostitele a port nebo soket Unix na vzdálené straně",
	"c_cpp.debuggers.host.localForward.bindAddress.description": "Místní adresa",
	"c_cpp.debuggers.host.localForward.port.description": "Místní port",
	"c_cpp.debuggers.host.localForward.host.description": "Název hostitele",
	"c_cpp.debuggers.host.localForward.hostPort.description": "Port hostitele",
	"c_cpp.debuggers.host.localForward.localSocket.description": "Místní soket",
	"c_cpp.debuggers.host.localForward.remoteSocket.description": "Vzdálený soket",
	"c_cpp.debuggers.deploySteps.description": "Kroky potřebné k nasazení aplikace. Pořadí je důležité.",
	"c_cpp.debuggers.deploySteps.copyFile.description": "Copy files using SCP or rsync.",
	"c_cpp.debuggers.deploySteps.copyFile.files.description": "Files to be copied. Supports path pattern.",
	"c_cpp.debuggers.deploySteps.copyFile.targetDir.description": "Target directory.",
	"c_cpp.debuggers.deploySteps.copyFile.recursive.description": "If true, copies folders recursively.",
	"c_cpp.debuggers.deploySteps.copyFile.scpPath.description": "Optional full path to SCP. Assumes SCP is on PATH if not specified",
	"c_cpp.debuggers.deploySteps.copyFile.rsyncPath.description": "Optional full path to rsync. Assumes rsync is on PATH if not specified",
	"c_cpp.debuggers.deploySteps.debug": "Při hodnotě true přeskočte při spuštění bez ladění. Pokud je hodnota false, přeskočte při spuštění ladění. Pokud není definováno, nikdy nepřeskakujte.",
	"c_cpp.debuggers.deploySteps.ssh.description": "Krok příkazu SSH.",
	"c_cpp.debuggers.deploySteps.ssh.command.description": "Příkaz, který se má provést přes SSH. Příkaz za znakem -c v příkazu SSH.",
	"c_cpp.debuggers.deploySteps.ssh.sshPath.description": "Volitelná úplná cesta k SSH. Předpokládá, že SSH je na cestě PATH, pokud není zadané",
	"c_cpp.debuggers.deploySteps.continueOn.description": "Nepovinný vzor dokončení při výstupu. Pokud je tento vzor zaznamenán při výstupu, pokračujte v nasazování procedur bez ohledu na to, zda se tento krok vrátí.",
	"c_cpp.debuggers.deploySteps.shell.description": "Krok příkazu prostředí.",
	"c_cpp.debuggers.deploySteps.shell.command.description": "Příkaz prostředí, který se má provést.",
	"c_cpp.debuggers.vsCodeCommand.description": "Příkaz VS Code, který má být vyvolán. Může to být příkaz v VS Code nebo v aktivním rozšíření.",
	"c_cpp.debuggers.vsCodeCommand.command.description": "Příkaz VS Code, který má být vyvolán.",
	"c_cpp.debuggers.vsCodeCommand.args.description": "Argumenty příkazu VS Code.",
	"c_cpp.taskDefinitions.name.description": "Název úlohy.",
	"c_cpp.taskDefinitions.command.description": "Cesta ke kompilátoru nebo skriptu, který provádí kompilaci.",
	"c_cpp.taskDefinitions.args.description": "Další argumenty, které se mají předat kompilátoru nebo kompilačnímu skriptu.",
	"c_cpp.taskDefinitions.options.description": "Další možnosti příkazu.",
	"c_cpp.taskDefinitions.options.cwd.description": "The current working directory of the executed program or script. If omitted Code's current workspace root is used.",
	"c_cpp.taskDefinitions.detail.description": "Další podrobnosti o úloze.",
	"c_cpp.debuggers.sourceFileMap.sourceFileMapEntry.description": "Aktuální cesta a cesta při kompilaci ke stejným zdrojovým stromům. Soubory, které se najdou na cestě EditorPath, se namapují na cestu CompileTimePath pro odpovídající zarážku, která se při zobrazování umístění stacktrace mapuje z CompileTimePath na EditorPath.",
	"c_cpp.debuggers.sourceFileMap.sourceFileMapEntry.editorPath.description": "Cesta ke zdrojovému souboru, který se použije v editoru",
	"c_cpp.debuggers.sourceFileMap.sourceFileMapEntry.useForBreakpoints.description": "False, pokud se tato položka používá jen k mapování umístění bloku zásobníku. True, pokud se tato entita má použít i při zadávání umístění zarážek",
	"c_cpp.debuggers.symbolOptions.description": "Možnosti kontroly způsobu, jakým se hledají a načítají symboly (soubory .pdb).",
	"c_cpp.debuggers.VSSymbolOptions.description": "Poskytuje konfiguraci pro vyhledávání a načítání symbolů do ladicího adaptéru.",
	"c_cpp.debuggers.VSSymbolOptions.searchPaths.description": "Pole adres URL serveru symbolů (například: http​://MyExampleSymbolServer) nebo adresářů (například: /build/symbols) k vyhledávání souborů .pdb. Tyto adresáře budou prohledány kromě výchozích umístění – vedle modulu a cesty, kam byl soubor pdb původně přemístěn.",
	"c_cpp.debuggers.VSSymbolOptions.searchMicrosoftSymbolServer.description": "Pokud je hodnota true, přidá se do cesty pro hledání symbolů server symbolů pro produkty Microsoft (https​://msdl.microsoft.com​/download/symbols). Pokud tato možnost není zadaná, výchozí hodnota je false.",
	"c_cpp.debuggers.VSSymbolOptions.cachePath.description": "Adresář, do kterého by se měly ukládat symboly stažené ze serverů se symboly. Pokud není zadaný, bude výchozí ladicí program systému Windows %TEMP% \\SymbolCache.",
	"c_cpp.debuggers.VSSymbolOptions.moduleFilter.description": "Poskytuje možnosti pro kontrolu, pro které moduly (soubory DLL) se ladicí program pokusí načíst symboly (soubory. pdb).",
	"c_cpp.debuggers.VSSymbolOptionsModuleFilter.description": "Poskytuje konfiguraci pro načítání symbolů do ladicího adaptéru.",
	"c_cpp.debuggers.VSSymbolOptionsModuleFilter.mode.description": "Určuje, v jakém ze dvou základních operačních režimů pracuje filtr modulu.",
	"c_cpp.debuggers.VSSymbolOptionsModuleFilter.mode.loadAllButExcluded.enumDescriptions": "Načte symboly pro všechny moduly, pokud není modul v poli „excludedModules“.",
	"c_cpp.debuggers.VSSymbolOptionsModuleFilter.mode.loadOnlyIncluded.enumDescriptions": "Nepokoušejte se načíst symboly pro ŽÁDNÝ modul, pokud není v poli „includedModules“, nebo je součástí nastavení „includeSymbolsNextToModules“.",
	"c_cpp.debuggers.VSSymbolOptionsModuleFilter.excludedModules.description": "Pole modulů, pro které by ladicí program neměl načítat symboly. Zástupné znaky (například: MyCompany. *.DLL) jsou podporovány.\n\nTato vlastnost je ignorována, pokud není „mode“ nastaven na hodnotu „loadAllButExcluded“.",
	"c_cpp.debuggers.VSSymbolOptionsModuleFilter.includedModules.description": "Pole modulů, pro které má ladicí program načíst symboly. Zástupné znaky (například: MyCompany. *.DLL) jsou podporovány.\n\nTato vlastnost je ignorována, pokud není „mode“ nastaven na hodnotu „loadOnlyIncluded“.",
	"c_cpp.debuggers.VSSymbolOptionsModuleFilter.includeSymbolsNextToModules.description": "Pokud má hodnotu true, u libovolného modulu, který není v poli „includedModules“, bude ladicí program stále provádět kontrolu vedle samotného modulu a spouštěcího souboru, ale nebude kontrolovat cesty v seznamu hledání symbolů. Tato možnost je standardně nastavena na hodnotu true.\n\nTato vlastnost je ignorována, pokud není „mode“ nastaven na hodnotu „loadOnlyIncluded“.",
	"c_cpp.semanticTokenTypes.referenceType.description": "Styl pro referenční typy jazyka C++/CLI.",
	"c_cpp.semanticTokenTypes.cliProperty.description": "Styl pro vlastnosti jazyka C++/CLI.",
	"c_cpp.semanticTokenTypes.genericType.description": "Styl pro obecné typy jazyka C++/CLI.",
	"c_cpp.semanticTokenTypes.valueType.description": "Styl pro hodnotové typy jazyka C++/CLI.",
	"c_cpp.semanticTokenTypes.templateFunction.description": "Styl pro funkce šablon jazyka C++.",
	"c_cpp.semanticTokenTypes.templateType.description": "Styl pro typy šablon jazyka C++.",
	"c_cpp.semanticTokenTypes.operatorOverload.description": "Styl pro přetížené operátory jazyka C++.",
	"c_cpp.semanticTokenTypes.memberOperatorOverload.description": "Styl pro členské funkce přetížených operátorů jazyka C++.",
	"c_cpp.semanticTokenTypes.newOperator.description": "Styl pro operátory `new` nebo `delete` jazyka C++.",
	"c_cpp.semanticTokenTypes.customLiteral.description": "Styl pro uživatelsky definované literály jazyka C++.",
	"c_cpp.semanticTokenTypes.numberLiteral.description": "Styl pro uživatelsky definovaná literálová čísla jazyka C++.",
	"c_cpp.semanticTokenTypes.stringLiteral.description": "Styl pro uživatelem definované řetězcové literály jazyka C++.",
	"c_cpp.semanticTokenModifiers.global.description": "Styl, který se má použít pro globální symboly.",
	"c_cpp.semanticTokenModifiers.local.description": "Styl, který se má použít pro místní symboly."
}